Date,Open,Close,High,Low,Volume
2010-01-04,21.83,21.19,21.87,21.16,661913.0
2010-01-05,21.41,21.35,21.58,20.79,1151480.0
2010-01-06,21.29,20.93,21.3,20.88,967826.0
2010-01-07,20.88,20.46,21.04,20.3,852361.0
2010-01-08,20.34,20.69,20.8,20.3,657076.0
2010-01-11,21.6,20.69,21.8,20.57,1163050.0
2010-01-12,20.63,20.8,20.97,20.26,823511.0
2010-01-13,20.25,19.83,20.35,19.8,1464000.0
2010-01-14,19.87,19.97,20.02,19.64,773408.0
2010-01-15,20.02,20.04,20.25,19.72,691837.0
2010-01-18,19.91,20.24,20.29,19.87,699402.0
2010-01-19,20.25,20.35,20.59,20.21,699661.0
2010-01-20,20.42,19.79,20.53,19.6,807765.0
2010-01-21,19.88,20.47,20.57,19.76,934182.0
2010-01-22,20.2,20.9,21.1,20.01,1544460.0
2010-01-25,20.56,20.46,20.98,20.42,802327.0
2010-01-26,20.49,20.69,20.9,20.17,919366.0
2010-01-27,20.67,19.86,20.8,19.78,942644.0
2010-01-28,19.78,19.7,19.85,19.38,586917.0
2010-01-29,19.6,19.62,20.04,19.48,536901.0
2010-02-01,19.62,19.22,19.62,19.0,516694.0
2010-02-02,19.33,19.24,19.7,19.17,489696.0
2010-02-03,19.31,19.89,19.93,19.01,764931.0
2010-02-04,19.61,19.66,19.89,19.6,461621.0
2010-02-05,19.2,19.42,19.68,19.16,438960.0
2010-02-08,19.45,19.22,19.5,19.08,372310.0
2010-02-09,19.2,19.42,19.49,19.17,264962.0
2010-02-10,19.59,19.68,19.75,19.5,307095.0
2010-02-11,19.69,19.64,19.8,19.59,273755.0
2010-02-12,19.73,19.81,19.88,19.66,296825.0
2010-02-22,19.73,19.68,19.86,19.58,334307.0
2010-02-23,19.65,19.49,19.65,19.25,305709.0
2010-02-24,19.35,19.66,19.68,19.24,389784.0
2010-02-25,19.75,20.74,20.8,19.75,1944760.0
2010-03-11,21.0,21.3,21.8,20.9,2302720.0
2010-03-12,21.32,21.04,21.52,21.02,749118.0
2010-03-15,21.0,20.68,21.15,20.58,581273.0
2010-03-16,20.63,21.19,21.2,20.51,563430.0
2010-03-17,21.23,21.67,21.75,20.95,907404.0
2010-03-18,21.66,21.7,22.21,21.55,889838.0
2010-03-19,21.82,21.8,22.04,21.5,447567.0
2010-03-22,21.85,22.21,22.35,21.85,966360.0
2010-03-23,22.25,22.0,22.43,21.89,625663.0
2010-03-24,22.05,22.03,22.39,22.0,510929.0
2010-03-25,21.96,21.61,21.96,21.46,525123.0
2010-03-26,21.52,22.26,22.51,21.52,824978.0
2010-03-29,22.45,22.98,23.12,22.31,1394990.0
2010-03-31,23.07,22.78,23.09,22.7,542014.0
2010-04-01,22.77,22.85,23.12,22.65,581792.0
2010-04-02,22.86,22.91,23.1,22.8,407775.0
2010-04-06,23.05,22.99,23.38,22.91,538096.0
2010-04-07,23.0,22.78,23.08,22.54,506016.0
2010-04-08,22.5,22.58,22.97,22.5,468763.0
2010-04-09,22.6,22.94,23.02,22.59,383927.0
2010-04-12,23.0,22.43,23.05,22.21,578956.0
2010-04-13,22.4,23.03,23.12,22.25,840639.0
2010-04-14,23.12,22.88,23.12,22.76,388655.0
2010-04-15,22.96,22.77,22.98,22.49,423118.0
2010-04-16,22.67,22.06,22.68,22.02,549648.0
2010-04-19,21.69,20.56,21.69,20.49,1232700.0
2010-04-20,20.55,20.54,20.7,20.0,638663.0
2010-04-21,20.46,20.86,20.89,20.29,557376.0
2010-04-22,20.69,20.19,20.69,20.08,696007.0
2010-04-23,20.2,20.39,20.85,19.95,837729.0
2010-04-26,20.42,20.46,20.79,20.22,461795.0
2010-04-27,20.26,20.11,20.36,19.78,578343.0
2010-04-29,20.25,20.19,20.6,20.16,540963.0
2010-04-30,20.3,20.59,20.63,20.16,522657.0
2010-05-04,20.22,20.19,20.57,19.9,461705.0
2010-05-05,19.95,20.31,20.35,19.67,547338.0
2010-05-06,20.1,19.04,20.1,19.0,746695.0
2010-05-07,18.66,18.55,19.08,18.45,615583.0
2010-05-10,18.72,18.98,19.15,18.5,453600.0
2010-05-11,19.44,18.75,19.52,18.5,593963.0
2010-05-12,18.47,19.19,19.24,18.43,811305.0
2010-05-13,19.1,19.71,19.96,19.0,780356.0
2010-05-14,19.51,19.4,19.64,19.23,383212.0
2010-05-17,19.17,18.66,19.17,18.6,438048.0
2010-05-18,18.73,19.35,19.5,18.72,621686.0
2010-05-19,19.16,19.26,19.67,19.0,400466.0
2010-05-20,19.1,18.91,19.45,18.79,388774.0
2010-05-21,18.48,19.23,19.3,18.4,407778.0
2010-05-24,19.38,19.74,20.0,19.38,619112.0
2010-05-25,19.6,19.14,19.66,18.99,525063.0
2010-05-26,19.21,19.11,19.38,18.94,255925.0
2010-05-27,19.08,19.31,19.32,18.8,312812.0
2010-05-28,19.52,19.13,19.6,19.03,323376.0
2010-05-31,18.9,18.54,19.11,18.5,517799.0
2010-06-01,18.47,18.42,18.73,18.3,418388.0
2010-06-02,18.38,18.4,18.48,18.07,314854.0
2010-06-03,18.49,18.2,18.6,18.16,414700.0
2010-06-04,18.13,18.17,18.28,18.05,288046.0
2010-06-07,17.9,17.64,18.05,17.59,474099.0
2010-06-08,17.69,17.4,17.81,17.18,400517.0
2010-06-09,17.49,18.5,18.54,17.17,932209.0
2010-06-10,13.7,13.7,14.0,13.66,524378.0
2010-06-11,13.77,13.82,14.17,13.71,631793.0
2010-06-17,13.91,13.85,14.13,13.77,478957.0
2010-06-18,13.86,13.9,14.2,13.78,657819.0
2010-06-21,14.0,14.48,14.64,13.85,989215.0
2010-06-22,14.42,14.49,14.67,14.36,430365.0
2010-06-23,14.4,14.25,14.53,14.09,391505.0
2010-06-24,14.21,14.34,14.5,14.04,343871.0
2010-06-25,14.25,14.4,14.48,14.2,325357.0
2010-06-28,14.4,14.43,14.65,14.22,489301.0
2010-06-29,14.45,13.76,14.5,13.74,654947.0
2010-06-30,13.69,13.6,13.86,13.52,345590.0
2010-07-01,13.56,13.5,13.8,13.48,329893.0
2010-07-02,13.55,13.67,13.68,13.14,447853.0
2010-07-05,13.45,13.53,13.75,13.21,359896.0
2010-07-06,13.54,13.83,13.85,13.45,501699.0
2010-07-07,13.74,13.76,13.83,13.6,339773.0
2010-07-08,13.88,13.79,14.06,13.73,451018.0
2010-07-09,13.81,14.23,14.49,13.69,768564.0
2010-07-12,14.23,14.43,14.66,14.15,582992.0
2010-07-13,14.21,14.17,14.37,14.06,449138.0
2010-07-14,14.22,14.41,14.64,14.22,603633.0
2010-07-15,14.41,14.1,14.62,14.07,474603.0
2010-07-16,14.0,14.15,14.23,13.9,408923.0
2010-07-19,14.07,14.53,14.63,13.98,657087.0
2010-07-20,14.59,14.65,14.96,14.5,790728.0
2010-07-21,14.68,14.65,14.73,14.51,449025.0
2010-07-22,14.59,14.8,14.85,14.49,565094.0
2010-07-23,14.8,14.92,15.15,14.73,767992.0
2010-07-26,14.92,14.89,15.0,14.76,403696.0
2010-07-27,14.81,14.61,14.81,14.56,521033.0
2010-07-28,14.7,15.07,15.14,14.58,855322.0
2010-07-29,15.1,15.08,15.22,14.92,696494.0
2010-07-30,15.0,14.98,15.05,14.86,330831.0
2010-08-02,14.91,15.3,15.3,14.87,654210.0
2010-08-03,15.31,14.91,15.34,14.9,628547.0
2010-08-04,14.9,14.79,14.93,14.54,752700.0
2010-08-05,14.75,14.53,14.75,14.42,644611.0
2010-08-06,14.5,14.69,14.74,14.3,639043.0
2010-08-09,14.65,14.6,14.8,14.5,658178.0
2010-08-10,14.62,14.07,14.69,14.03,709349.0
2010-08-11,14.05,14.12,14.29,14.01,401860.0
2010-08-12,13.98,13.89,14.12,13.82,520928.0
2010-08-13,13.93,13.99,14.02,13.7,651230.0
2010-08-16,13.91,14.3,14.38,13.85,702981.0
2010-08-17,14.31,14.41,14.47,14.18,582801.0
2010-08-18,14.42,14.3,14.59,14.25,724676.0
2010-08-19,14.3,14.45,14.56,14.13,889056.0
2010-08-20,14.3,14.19,14.55,14.16,624822.0
2010-08-23,14.2,14.34,14.58,14.2,575252.0
2010-08-24,14.32,14.38,14.54,14.15,482565.0
2010-08-25,14.29,14.03,14.33,13.98,494992.0
2010-08-26,14.16,13.97,14.19,13.93,297042.0
2010-08-27,13.99,13.98,14.13,13.88,356490.0
2010-08-30,14.06,14.1,14.2,13.97,520652.0
2010-08-31,14.04,13.99,14.13,13.92,513130.0
2010-09-01,14.07,13.99,14.34,13.79,904793.0
2010-09-02,14.28,14.07,14.28,13.95,676941.0
2010-09-03,14.07,13.95,14.07,13.83,618943.0
2010-09-06,14.01,14.23,14.26,13.88,1045820.0
2010-09-07,14.25,14.16,14.34,14.05,582358.0
2010-09-08,14.05,13.89,14.07,13.8,861685.0
2010-09-09,13.89,13.54,13.9,13.45,1114660.0
2010-09-10,13.55,13.51,13.61,13.3,534106.0
2010-09-13,13.45,13.49,13.65,13.3,724123.0
2010-09-14,13.58,13.5,13.67,13.41,616539.0
2010-09-15,13.53,13.33,13.53,13.3,448611.0
2010-09-16,13.3,13.02,13.3,12.9,734391.0
2010-09-17,13.09,12.96,13.13,12.9,432806.0
2010-09-21,13.0,12.94,13.1,12.87,336715.0
2010-09-27,13.0,12.93,13.02,12.89,432037.0
2010-09-28,12.92,12.58,12.92,12.57,639881.0
2010-09-29,12.2,12.49,12.69,12.12,799165.0
2010-09-30,12.37,12.96,12.99,12.32,764206.0
2010-10-08,13.09,13.36,13.47,12.86,992433.0
2010-10-11,13.37,13.89,14.05,13.36,1682400.0
2010-10-12,13.83,13.96,13.98,13.7,1089290.0
2010-10-13,13.97,14.44,14.49,13.88,2117170.0
2010-10-14,14.51,14.39,15.0,14.34,2195000.0
2010-10-15,14.32,15.25,15.29,14.29,2820110.0
2010-10-18,15.6,15.35,15.95,15.21,2670980.0
2010-10-19,15.35,15.36,15.4,15.0,1442020.0
2010-10-20,15.23,15.27,15.75,15.1,1857680.0
2010-10-21,15.27,14.69,15.29,14.55,1504260.0
2010-10-22,14.64,14.55,14.74,14.38,1098960.0
2010-10-25,14.58,14.72,14.95,14.24,1434750.0
2010-10-26,14.76,14.62,14.97,14.4,1077890.0
2010-10-27,14.56,14.43,14.98,14.39,1215440.0
2010-10-28,14.43,14.57,14.7,14.27,993195.0
2010-10-29,14.68,14.48,14.68,14.3,972258.0
2010-11-01,14.51,14.65,14.74,14.47,1162410.0
2010-11-02,14.65,14.5,14.78,14.27,1375760.0
2010-11-03,14.5,14.69,14.98,14.36,1929280.0
2010-11-04,14.75,14.7,14.83,14.5,1594400.0
2010-11-05,14.86,14.72,14.94,14.58,1482540.0
2010-11-08,14.78,14.91,15.12,14.74,1590000.0
2010-11-09,14.95,14.51,15.0,14.4,1686930.0
2010-11-10,14.45,14.12,14.45,13.98,1856600.0
2010-11-11,14.11,14.24,14.45,14.05,1407410.0
2010-11-12,14.14,13.38,14.14,13.36,1624690.0
2010-11-15,13.45,13.53,13.59,13.16,1023310.0
2010-11-16,13.4,13.03,13.41,12.97,1013460.0
2010-11-17,12.92,13.13,13.36,12.85,889364.0
2010-11-18,13.25,13.19,13.31,13.05,518681.0
2010-11-19,13.24,13.12,13.26,12.86,802256.0
2010-11-22,12.9,12.87,13.03,12.8,818713.0
2010-11-23,12.83,12.66,12.83,12.52,825344.0
2010-11-24,12.65,12.79,12.92,12.64,593674.0
2010-11-25,12.9,13.0,13.07,12.69,855512.0
2010-11-26,13.09,13.04,13.2,12.91,721702.0
2010-11-29,12.97,12.96,13.05,12.84,444562.0
2010-11-30,12.92,12.69,12.98,12.53,704655.0
2010-12-01,12.66,12.74,12.82,12.62,316993.0
2010-12-02,12.95,12.79,12.97,12.75,467356.0
2010-12-03,12.81,12.82,12.89,12.73,335623.0
2010-12-06,12.87,13.05,13.12,12.81,672339.0
2010-12-07,13.0,13.06,13.11,12.87,503710.0
2010-12-08,13.04,12.91,13.07,12.87,463752.0
2010-12-09,12.85,12.7,12.86,12.68,500524.0
2010-12-10,12.64,12.78,12.85,12.63,339219.0
2010-12-13,12.83,13.0,13.03,12.73,838820.0
2010-12-14,13.0,12.95,13.09,12.88,548295.0
2010-12-15,12.96,12.94,13.07,12.91,720405.0
2010-12-16,12.93,12.79,12.94,12.73,607535.0
2010-12-17,12.78,12.72,12.78,12.66,573870.0
2010-12-20,12.74,12.43,12.75,12.31,918318.0
2010-12-21,12.45,12.79,12.87,12.35,972560.0
2010-12-22,12.78,12.54,12.85,12.5,580375.0
2010-12-23,12.57,12.7,13.01,12.48,855136.0
2010-12-24,12.6,12.74,12.87,12.53,613306.0
2010-12-27,12.91,12.51,12.98,12.48,629166.0
2010-12-28,12.5,12.38,12.68,12.36,506440.0
2010-12-29,12.42,12.39,12.51,12.3,437815.0
2010-12-30,12.4,12.31,12.47,12.19,494863.0
2010-12-31,12.33,12.39,12.4,12.25,701008.0
2011-01-04,12.42,12.61,12.68,12.3,1043020.0
2011-01-05,12.7,12.71,12.91,12.63,1070140.0
2011-01-06,12.73,12.67,12.89,12.6,639541.0
2011-01-07,12.69,13.23,13.51,12.58,2787980.0
2011-01-10,13.11,13.07,13.34,12.93,1280080.0
2011-01-11,13.0,13.4,13.42,13.0,1145030.0
2011-01-12,13.44,13.49,13.5,13.21,1030670.0
2011-01-13,13.49,13.34,13.55,13.33,554122.0
2011-01-14,13.29,13.14,13.29,13.07,589005.0
2011-01-17,12.97,12.61,13.1,12.41,851263.0
2011-01-18,12.57,12.69,12.78,12.52,398810.0
2011-01-19,12.7,12.82,12.83,12.58,391450.0
2011-01-20,12.77,12.48,12.81,12.47,453628.0
2011-01-21,12.49,12.75,13.18,12.48,690013.0
2011-01-24,12.72,12.74,12.85,12.61,400259.0
2011-01-25,12.75,12.87,12.95,12.67,494025.0
2011-01-26,12.9,12.88,12.93,12.82,324884.0
2011-01-27,12.75,12.83,12.87,12.51,696495.0
2011-01-28,12.77,12.69,12.84,12.59,530004.0
2011-01-31,12.7,12.72,12.78,12.6,527676.0
2011-02-01,12.73,12.76,12.77,12.65,418248.0
2011-02-09,12.71,12.63,12.83,12.59,503448.0
2011-02-10,12.61,12.77,12.79,12.57,474017.0
2011-02-11,12.75,12.75,12.78,12.63,865247.0
2011-02-14,12.73,13.14,13.2,12.72,1555230.0
2011-02-15,13.15,13.03,13.2,13.0,1117430.0
2011-02-16,12.98,12.96,13.02,12.88,1081310.0
2011-02-17,13.04,13.08,13.21,12.98,1078960.0
2011-02-18,13.04,13.04,13.18,12.91,681162.0
2011-02-21,12.93,13.01,13.02,12.86,761845.0
2011-02-22,12.99,12.65,12.99,12.6,933550.0
2011-02-23,12.62,12.61,12.73,12.51,668118.0
2011-02-24,12.6,12.6,12.61,12.48,972819.0
2011-02-25,12.59,12.65,12.76,12.52,612265.0
2011-02-28,12.65,12.71,12.74,12.55,507190.0
2011-03-01,12.73,12.95,13.01,12.73,1286300.0
2011-03-02,12.88,13.18,13.34,12.83,1982100.0
2011-03-03,13.18,13.45,13.79,13.18,2636960.0
2011-03-04,13.39,13.56,13.59,13.33,1207980.0
2011-03-07,13.58,13.61,13.82,13.47,1213320.0
2011-03-08,13.59,13.63,13.82,13.54,951742.0
2011-03-09,13.68,13.61,13.79,13.58,755694.0
2011-03-10,13.57,13.24,13.57,13.21,941456.0
2011-03-11,13.22,13.1,13.29,13.02,646829.0
2011-03-14,13.09,13.12,13.21,13.07,440649.0
2011-03-15,13.08,12.91,13.08,12.74,927258.0
2011-03-16,12.89,13.01,13.08,12.82,629018.0
2011-03-17,12.88,12.86,12.97,12.81,468295.0
2011-03-18,12.95,12.9,13.03,12.85,437708.0
2011-03-21,12.9,12.94,13.05,12.86,467081.0
2011-03-22,12.98,13.18,13.31,12.83,700188.0
2011-03-23,13.15,13.28,13.38,13.11,562383.0
2011-03-24,13.3,13.18,13.38,13.12,396292.0
2011-03-25,13.21,13.4,13.57,13.21,831436.0
2011-03-28,13.55,13.44,13.71,13.41,896926.0
2011-03-29,13.47,13.62,13.85,13.46,1165970.0
2011-03-30,13.73,13.85,14.0,13.65,1717230.0
2011-03-31,13.85,13.62,13.9,13.51,782908.0
2011-04-01,13.6,14.14,14.17,13.6,1394850.0
2011-04-06,14.15,14.59,14.6,14.15,1912430.0
2011-04-07,14.58,14.55,14.7,14.47,989510.0
2011-04-08,14.53,14.52,14.7,14.39,684317.0
2011-04-11,14.56,14.53,14.9,14.49,1209070.0
2011-04-12,14.49,14.43,14.67,14.29,876811.0
2011-04-13,14.34,14.99,15.05,14.33,1144760.0
2011-04-14,15.08,14.96,15.26,14.92,1263970.0
2011-04-15,14.9,15.08,15.15,14.8,729728.0
2011-04-18,15.01,15.0,15.2,14.9,796810.0
2011-04-19,14.85,14.57,15.0,14.56,854983.0
2011-04-20,14.6,14.51,14.8,14.41,608692.0
2011-04-21,14.63,14.55,14.8,14.49,569559.0
2011-04-22,14.55,14.45,14.65,14.38,475996.0
2011-04-25,14.57,14.54,14.73,14.4,759792.0
2011-04-26,14.58,14.75,14.76,14.5,841600.0
2011-04-27,14.83,14.62,14.99,14.45,974708.0
2011-04-29,14.7,14.28,14.74,14.0,1016890.0
2011-05-03,14.24,14.29,14.41,14.12,470355.0
2011-05-04,14.2,13.83,14.37,13.74,810012.0
2011-05-05,13.75,13.88,13.99,13.63,469746.0
2011-05-06,13.72,13.82,13.97,13.66,367574.0
2011-05-09,13.8,13.76,13.97,13.7,305547.0
2011-05-10,13.8,13.97,13.99,13.71,367954.0
2011-05-11,13.97,13.88,14.05,13.81,273440.0
2011-05-12,13.81,13.65,13.94,13.64,370595.0
2011-05-13,13.68,13.83,13.83,13.49,521496.0
2011-05-16,13.75,13.69,13.91,13.68,374888.0
2011-05-17,13.7,13.91,14.0,13.62,482823.0
2011-05-18,13.89,14.15,14.22,13.84,546245.0
2011-05-19,14.18,14.14,14.32,14.1,444711.0
2011-05-20,14.13,14.24,14.35,14.1,516522.0
2011-05-23,14.17,13.86,14.23,13.8,495298.0
2011-05-24,13.82,13.85,13.94,13.79,333022.0
2011-05-25,13.82,13.6,13.86,13.58,304564.0
2011-05-26,13.71,13.65,13.75,13.56,321655.0
2011-05-27,13.68,13.69,13.89,13.57,426907.0
2011-05-30,13.65,13.8,13.86,13.57,327735.0
2011-05-31,13.81,13.86,13.87,13.64,548623.0
2011-06-01,13.8,13.74,13.88,13.69,433731.0
2011-06-02,13.6,13.21,13.65,13.07,780542.0
2011-06-03,10.02,10.09,10.14,10.0,384820.0
2011-06-07,10.04,10.1,10.13,9.98,321127.0
2011-06-08,10.11,9.92,10.12,9.78,713996.0
2011-06-09,9.9,9.69,9.9,9.67,506502.0
2011-06-10,9.71,9.74,9.8,9.68,415142.0
2011-06-13,9.7,9.79,9.83,9.62,334995.0
2011-06-14,9.78,9.92,10.04,9.73,597637.0
2011-06-15,9.9,9.72,9.9,9.69,506425.0
2011-06-16,9.67,9.61,9.71,9.59,436841.0
2011-06-17,9.61,9.56,9.69,9.55,381518.0
2011-06-20,9.55,9.65,9.67,9.51,491558.0
2011-06-21,9.66,9.68,9.72,9.63,440324.0
2011-06-22,9.73,9.63,9.73,9.57,444027.0
2011-06-23,9.62,9.74,9.79,9.5,514630.0
2011-06-24,9.69,10.1,10.18,9.67,1086080.0
2011-06-27,10.1,10.07,10.21,10.0,618798.0
2011-06-28,10.07,10.0,10.08,9.89,486259.0
2011-06-29,10.0,9.76,10.04,9.74,921158.0
2011-06-30,9.78,9.84,9.97,9.74,894779.0
2011-07-01,9.85,9.74,9.86,9.65,849504.0
2011-07-04,9.79,10.1,10.12,9.78,1377040.0
2011-07-05,10.1,10.05,10.18,9.99,798442.0
2011-07-06,10.01,9.92,10.01,9.8,780834.0
2011-07-07,10.09,9.93,10.15,9.9,1103060.0
2011-07-08,9.95,10.14,10.25,9.93,961787.0
2011-07-11,10.05,10.05,10.13,9.96,772976.0
2011-07-12,9.97,9.88,10.02,9.84,737797.0
2011-07-13,9.93,10.01,10.08,9.87,605172.0
2011-07-14,10.0,10.1,10.1,9.97,722446.0
2011-07-15,10.05,10.09,10.14,9.99,666560.0
2011-07-18,10.1,10.0,10.1,9.93,882961.0
2011-07-19,9.94,9.85,9.96,9.82,777904.0
2011-07-20,9.9,9.84,9.94,9.77,637610.0
2011-07-21,9.83,9.73,9.85,9.64,736489.0
2011-07-22,9.75,9.7,9.78,9.67,524884.0
2011-07-25,9.65,9.43,9.67,9.37,881891.0
2011-07-26,9.43,9.42,9.55,9.38,451250.0
2011-07-27,9.38,9.39,9.42,9.35,482132.0
2011-07-28,9.33,9.22,9.34,9.15,656638.0
2011-07-29,9.25,9.4,9.61,9.13,954878.0
2011-08-01,9.33,9.32,9.46,9.27,449301.0
2011-08-02,9.25,9.26,9.31,9.13,413650.0
2011-08-03,9.19,9.26,9.31,9.17,315238.0
2011-08-04,9.31,9.28,9.4,9.27,304106.0
2011-08-05,9.09,9.03,9.15,9.0,719522.0
2011-08-08,8.95,8.73,9.09,8.62,986247.0
2011-08-09,8.52,8.87,8.95,8.47,1109250.0
2011-08-10,9.02,8.91,9.08,8.87,672959.0
2011-08-11,8.73,9.1,9.15,8.71,747825.0
2011-08-12,9.12,9.03,9.15,8.98,511626.0
2011-08-15,9.07,9.37,9.39,8.99,894934.0
2011-08-16,9.35,9.35,9.51,9.27,921941.0
2011-08-17,9.34,9.28,9.41,9.28,445356.0
2011-08-18,9.32,9.12,9.33,9.09,408322.0
2011-08-19,8.99,9.02,9.08,8.94,555450.0
2011-08-22,9.04,8.98,9.15,8.95,427626.0
2011-08-23,9.03,9.18,9.19,8.93,482109.0
2011-08-24,9.21,9.1,9.34,9.08,533222.0
2011-08-25,9.15,9.48,9.53,9.11,1210390.0
2011-08-26,9.42,9.46,9.51,9.32,619982.0
2011-08-29,9.29,9.18,9.29,9.13,753309.0
2011-08-30,9.25,9.19,9.4,9.15,491668.0
2011-08-31,9.18,9.29,9.35,9.16,343494.0
2011-09-01,9.31,9.37,9.43,9.28,585060.0
2011-09-02,9.35,9.29,9.4,9.2,320398.0
2011-09-05,9.2,9.15,9.22,9.11,308407.0
2011-09-06,9.09,9.11,9.22,9.03,421395.0
2011-09-07,9.13,9.29,9.38,9.08,405985.0
2011-09-08,9.3,9.26,9.33,9.2,284137.0
2011-09-09,9.3,9.3,9.41,9.22,380558.0
2011-09-13,9.18,9.15,9.22,9.12,276272.0
2011-09-14,9.2,9.1,9.21,8.94,505921.0
2011-09-15,9.1,8.95,9.17,8.94,567650.0
2011-09-16,9.02,8.98,9.07,8.95,422241.0
2011-09-19,8.91,8.81,8.92,8.79,415102.0
2011-09-20,8.8,8.86,8.92,8.73,345516.0
2011-09-21,8.86,9.09,9.22,8.76,703531.0
2011-09-22,9.01,8.82,9.02,8.8,537920.0
2011-09-23,8.71,8.73,8.81,8.61,541648.0
2011-09-26,8.65,8.44,8.72,8.4,817484.0
2011-09-27,8.52,8.52,8.58,8.48,402526.0
2011-09-28,8.59,8.43,8.6,8.4,424074.0
2011-09-29,8.39,8.45,8.52,8.33,437578.0
2011-09-30,8.48,8.54,8.64,8.44,604688.0
2011-10-10,8.52,8.42,8.56,8.41,324284.0
2011-10-11,8.78,8.57,8.78,8.48,591303.0
2011-10-12,8.54,8.85,8.92,8.49,894122.0
2011-10-13,8.82,8.87,8.94,8.76,512988.0
2011-10-14,8.84,8.83,8.88,8.73,405042.0
2011-10-17,8.84,8.92,9.05,8.82,460098.0
2011-10-18,8.85,8.78,8.9,8.75,411153.0
2011-10-19,8.78,8.84,8.92,8.75,361884.0
2011-10-20,8.77,8.73,8.86,8.64,506585.0
2011-10-21,8.75,8.89,8.97,8.7,593070.0
2011-10-24,8.91,9.16,9.21,8.87,949321.0
2011-10-25,9.18,9.16,9.25,9.08,663149.0
2011-10-26,9.13,9.18,9.3,9.05,684548.0
2011-10-27,9.26,9.26,9.35,9.21,455858.0
2011-10-28,9.4,9.38,9.55,9.26,825028.0
2011-10-31,9.35,9.21,9.35,9.16,507788.0
2011-11-01,9.15,9.18,9.34,9.11,571989.0
2011-11-02,9.08,9.36,9.37,9.04,593978.0
2011-11-03,9.38,9.24,9.39,9.22,843496.0
2011-11-04,9.35,9.31,9.36,9.23,425650.0
2011-11-07,9.25,9.18,9.28,9.16,328700.0
2011-11-08,9.24,9.21,9.3,9.14,316933.0
2011-11-09,9.24,9.27,9.29,9.18,279516.0
2011-11-10,9.2,9.05,9.25,9.04,466362.0
2011-11-11,9.06,9.08,9.17,9.05,252618.0
2011-11-14,9.18,9.21,9.27,9.13,422970.0
2011-11-15,9.2,9.18,9.22,9.13,300134.0
2011-11-16,9.18,8.92,9.18,8.87,640286.0
2011-11-17,8.94,8.86,8.97,8.84,320075.0
2011-11-18,8.8,8.8,8.89,8.76,368199.0
2011-11-21,8.84,8.74,8.85,8.67,323553.0
2011-11-22,8.7,8.75,8.81,8.68,306699.0
2011-11-23,8.76,8.69,8.77,8.62,263702.0
2011-11-24,8.62,8.7,8.76,8.6,244601.0
2011-11-25,8.7,8.62,8.72,8.6,213665.0
2011-11-28,8.63,8.6,8.68,8.57,239677.0
2011-11-29,8.66,8.73,8.74,8.62,259606.0
2011-11-30,8.69,8.5,8.73,8.47,449718.0
2011-12-01,8.74,8.81,8.95,8.73,890491.0
2011-12-02,8.78,8.8,8.85,8.71,386381.0
2011-12-05,8.84,8.8,8.91,8.63,401883.0
2011-12-06,8.76,8.73,8.84,8.7,264403.0
2011-12-07,8.74,8.78,8.83,8.7,233509.0
2011-12-08,8.78,8.78,8.83,8.68,219097.0
2011-12-09,8.73,8.7,8.78,8.64,295140.0
2011-12-12,8.68,8.66,8.74,8.64,230353.0
2011-12-13,8.64,8.58,8.72,8.56,476007.0
2011-12-14,8.57,8.6,8.65,8.54,273350.0
2011-12-15,8.56,8.49,8.62,8.48,415188.0
2011-12-16,8.51,8.62,8.65,8.49,377303.0
2011-12-19,8.57,8.61,8.64,8.37,452650.0
2011-12-20,8.58,8.59,8.75,8.56,383770.0
2011-12-21,8.66,8.53,8.72,8.5,416377.0
2011-12-22,8.49,8.53,8.59,8.45,426827.0
2011-12-23,8.54,8.54,8.61,8.49,232632.0
2011-12-26,8.52,8.47,8.56,8.42,317888.0
2011-12-27,8.47,8.44,8.53,8.4,310757.0
2011-12-28,8.43,8.38,8.46,8.25,420110.0
2011-12-29,8.35,8.35,8.38,8.29,400550.0
2011-12-30,8.39,8.49,8.51,8.38,529825.0
2012-01-04,8.54,8.41,8.56,8.39,342014.0
2012-01-05,8.47,8.65,8.82,8.47,1321160.0
2012-01-06,8.63,8.71,8.78,8.62,617787.0
2012-01-09,8.72,8.95,8.99,8.68,801362.0
2012-01-10,8.95,9.07,9.1,8.88,720046.0
2012-01-11,9.05,9.0,9.1,8.98,492612.0
2012-01-12,9.0,9.09,9.21,8.99,604870.0
2012-01-13,9.11,9.04,9.18,8.97,567253.0
2012-01-16,9.0,8.97,9.12,8.96,331002.0
2012-01-17,9.0,9.2,9.26,8.79,973573.0
2012-01-18,9.16,9.04,9.23,9.0,580893.0
2012-01-19,9.05,9.2,9.22,9.02,686456.0
2012-01-20,9.25,9.42,9.43,9.17,950527.0
2012-01-30,9.4,9.22,9.41,9.2,718832.0
2012-01-31,9.24,9.22,9.28,9.16,354641.0
2012-02-01,9.2,9.08,9.26,9.05,396479.0
2012-02-02,9.12,9.4,9.42,9.08,879733.0
2012-02-03,9.35,9.44,9.5,9.32,971353.0
2012-02-06,9.46,9.39,9.51,9.29,636913.0
2012-02-07,9.32,9.24,9.36,9.18,513914.0
2012-02-08,9.23,9.45,9.48,9.23,642707.0
2012-02-09,9.45,9.4,9.48,9.36,502739.0
2012-02-10,9.36,9.37,9.48,9.32,518365.0
2012-02-13,9.25,9.27,9.37,9.18,492050.0
2012-02-14,9.24,9.19,9.28,9.13,530249.0
2012-02-15,9.16,9.23,9.29,9.14,550648.0
2012-02-16,9.25,9.19,9.28,9.14,475018.0
2012-02-17,9.25,9.26,9.31,9.2,417433.0
2012-02-20,9.41,9.26,9.41,9.25,577400.0
2012-02-21,9.27,9.28,9.31,9.2,427574.0
2012-02-22,9.28,9.32,9.36,9.2,814478.0
2012-02-23,9.32,9.33,9.4,9.28,877549.0
2012-02-24,9.35,9.51,9.53,9.31,1283420.0
2012-02-27,9.57,9.48,9.62,9.45,1266640.0
2012-02-28,9.48,9.66,9.7,9.46,1361210.0
2012-02-29,9.67,9.54,9.67,9.51,777578.0
2012-03-01,9.5,9.55,9.59,9.49,462379.0
2012-03-02,9.55,9.69,9.7,9.54,740132.0
2012-03-05,9.74,9.58,9.75,9.58,660980.0
2012-03-06,9.53,9.44,9.61,9.41,684504.0
2012-03-07,9.39,9.34,9.44,9.33,510772.0
2012-03-08,9.39,9.46,9.5,9.37,548286.0
2012-03-09,9.47,9.47,9.51,9.42,475105.0
2012-03-12,9.44,9.38,9.45,9.33,527844.0
2012-03-13,9.39,9.47,9.53,9.35,614302.0
2012-03-14,9.53,9.36,9.61,9.32,992803.0
2012-03-15,9.36,9.19,9.45,9.16,706739.0
2012-03-16,9.25,9.25,9.34,9.2,725846.0
2012-03-19,9.26,9.28,9.32,9.24,502280.0
2012-03-20,9.25,9.12,9.26,9.12,627256.0
2012-03-21,9.18,9.08,9.19,9.02,518671.0
2012-03-22,9.09,9.12,9.21,9.03,386512.0
2012-03-23,9.1,9.06,9.12,9.02,352684.0
2012-03-26,9.05,9.13,9.17,9.05,336928.0
2012-03-27,9.15,9.12,9.17,9.08,272946.0
2012-03-28,9.12,8.97,9.14,8.93,435653.0
2012-03-29,8.94,8.87,9.0,8.85,483914.0
2012-03-30,8.92,8.93,8.97,8.88,505870.0
2012-04-05,8.9,8.93,8.95,8.81,763520.0
2012-04-06,8.93,8.94,8.96,8.84,566825.0
2012-04-09,8.89,8.84,8.94,8.83,348898.0
2012-04-10,8.86,8.92,8.93,8.78,451470.0
2012-04-11,8.87,8.89,8.95,8.85,393971.0
2012-04-12,8.89,9.12,9.14,8.87,645716.0
2012-04-13,9.11,9.14,9.15,9.02,611757.0
2012-04-16,9.08,9.06,9.12,9.04,386148.0
2012-04-17,9.06,8.93,9.09,8.93,494660.0
2012-04-18,8.93,9.12,9.14,8.92,671180.0
2012-04-19,9.1,9.12,9.16,9.06,484880.0
2012-04-20,9.1,9.31,9.32,9.09,772408.0
2012-04-23,9.27,9.24,9.33,9.21,418391.0
2012-04-24,9.23,9.38,9.55,9.22,1131660.0
2012-04-25,9.34,9.35,9.44,9.33,664890.0
2012-04-26,9.42,9.37,9.46,9.3,538269.0
2012-04-27,9.39,9.41,9.45,9.35,471150.0
2012-05-02,9.48,9.56,9.59,9.41,1076970.0
2012-05-03,9.51,9.46,9.55,9.42,605601.0
2012-05-04,9.47,9.49,9.5,9.39,716599.0
2012-05-07,9.43,9.42,9.48,9.34,822257.0
2012-05-08,9.41,9.36,9.42,9.28,867213.0
2012-05-09,9.3,9.2,9.31,9.18,650669.0
2012-05-10,9.21,9.16,9.24,9.11,675763.0
2012-05-11,9.16,9.16,9.23,9.12,355327.0
2012-05-14,9.21,9.08,9.23,9.06,708966.0
2012-05-15,9.0,9.04,9.05,8.98,604300.0
2012-05-16,9.03,8.91,9.03,8.89,755357.0
2012-05-17,8.93,8.97,9.02,8.9,430927.0
2012-05-18,8.92,8.86,8.92,8.82,619502.0
2012-05-21,8.86,8.87,8.91,8.83,466796.0
2012-05-22,8.9,8.96,8.97,8.88,675497.0
2012-05-23,8.95,8.89,8.96,8.85,619798.0
2012-05-24,8.88,8.85,8.94,8.81,497572.0
2012-05-25,8.85,8.79,8.86,8.77,458878.0
2012-05-28,8.8,8.87,8.88,8.77,523477.0
2012-05-29,8.86,8.95,8.98,8.82,934786.0
2012-05-30,8.92,8.82,8.93,8.79,880365.0
2012-05-31,8.79,8.77,8.8,8.75,670112.0
2012-06-01,8.78,8.78,8.84,8.75,424017.0
2012-06-04,8.71,8.59,8.71,8.58,693680.0
2012-06-05,8.62,8.56,8.64,8.55,696669.0
2012-06-06,8.59,8.62,8.68,8.55,499188.0
2012-06-07,8.68,8.56,8.7,8.53,480264.0
2012-06-08,8.51,8.34,8.53,8.31,1403900.0
2012-06-11,8.36,8.34,8.38,8.31,716449.0
2012-06-12,8.31,8.29,8.35,8.19,824312.0
2012-06-14,8.3,8.27,8.34,8.25,800175.0
2012-06-15,8.31,8.47,8.53,8.29,1342160.0
2012-06-18,8.47,8.46,8.48,8.42,502130.0
2012-06-19,8.47,8.49,8.54,8.43,470083.0
2012-06-20,8.54,8.5,8.61,8.48,500001.0
2012-06-21,8.51,8.44,8.51,8.4,394239.0
2012-06-25,8.42,8.35,8.48,8.34,527066.0
2012-06-26,8.07,8.06,8.12,8.03,399825.0
2012-06-27,8.06,8.05,8.09,8.03,269661.0
2012-06-28,8.05,8.01,8.07,8.01,288764.0
2012-06-29,8.04,8.13,8.16,8.02,509742.0
2012-07-02,8.15,8.09,8.15,8.05,436920.0
2012-07-03,8.09,8.09,8.15,8.07,400810.0
2012-07-04,8.1,8.12,8.18,8.08,395525.0
2012-07-05,8.11,8.07,8.12,8.05,336359.0
2012-07-06,7.92,7.97,7.97,7.88,1157970.0
2012-07-09,7.93,7.67,7.94,7.65,1065350.0
2012-07-10,7.67,7.7,7.76,7.66,450898.0
2012-07-11,7.69,7.71,7.74,7.67,324256.0
2012-07-12,7.71,7.67,7.72,7.58,1009090.0
2012-07-13,7.66,7.73,7.79,7.64,452024.0
2012-07-16,7.75,7.63,7.75,7.62,465849.0
2012-07-17,7.65,7.69,7.73,7.62,302243.0
2012-07-18,7.69,7.67,7.69,7.6,476310.0
2012-07-19,7.65,7.69,7.73,7.61,773446.0
2012-07-20,7.67,7.61,7.68,7.6,555455.0
2012-07-23,7.57,7.45,7.57,7.42,645019.0
2012-07-24,7.43,7.46,7.5,7.41,483894.0
2012-07-25,7.43,7.41,7.5,7.39,475804.0
2012-07-26,7.4,7.4,7.45,7.37,303505.0
2012-07-27,7.42,7.49,7.56,7.4,585008.0
2012-07-30,7.52,7.56,7.65,7.49,621425.0
2012-07-31,7.57,7.66,7.69,7.56,701190.0
2012-08-01,7.67,7.65,7.71,7.59,622709.0
2012-08-02,7.68,7.75,7.77,7.65,754442.0
2012-08-03,7.74,7.74,7.75,7.68,440454.0
2012-08-06,7.73,7.72,7.74,7.69,464111.0
2012-08-07,7.72,7.69,7.73,7.65,349125.0
2012-08-08,7.7,7.73,7.77,7.69,538212.0
2012-08-09,7.75,7.75,7.76,7.69,324903.0
2012-08-10,7.79,7.8,7.85,7.78,467830.0
2012-08-13,7.8,7.75,7.83,7.74,472821.0
2012-08-14,7.76,7.8,7.8,7.73,397437.0
2012-08-15,7.8,7.58,7.8,7.55,895552.0
2012-08-16,7.59,7.53,7.59,7.5,406303.0
2012-08-17,7.52,7.55,7.58,7.51,333227.0
2012-08-20,7.52,7.52,7.56,7.46,270382.0
2012-08-21,7.51,7.51,7.56,7.49,362689.0
2012-08-22,7.52,7.52,7.53,7.47,353265.0
2012-08-23,7.51,7.52,7.55,7.47,363664.0
2012-08-24,7.52,7.49,7.53,7.45,369636.0
2012-08-27,7.45,7.4,7.49,7.39,403345.0
2012-08-28,7.43,7.6,7.62,7.4,547637.0
2012-08-29,7.56,7.55,7.57,7.52,384194.0
2012-08-30,7.5,7.61,7.62,7.5,448042.0
2012-08-31,7.58,7.61,7.68,7.57,372551.0
2012-09-03,7.63,7.58,7.63,7.53,553933.0
2012-09-04,7.56,7.46,7.59,7.43,443614.0
2012-09-05,7.44,7.32,7.45,7.28,731359.0
2012-09-06,7.34,7.38,7.39,7.3,383702.0
2012-09-07,7.42,7.6,7.78,7.4,1459720.0
2012-09-10,7.59,7.56,7.61,7.53,637990.0
2012-09-11,7.54,7.49,7.54,7.43,509814.0
2012-09-12,7.53,7.48,7.56,7.42,411994.0
2012-09-13,7.47,7.45,7.5,7.44,285985.0
2012-09-14,7.5,7.52,7.56,7.44,605540.0
2012-09-17,7.52,7.41,7.52,7.4,394958.0
2012-09-18,7.39,7.35,7.4,7.34,295565.0
2012-09-19,7.35,7.34,7.38,7.33,353163.0
2012-09-20,7.32,7.23,7.34,7.22,480721.0
2012-09-21,7.22,7.21,7.26,7.18,375407.0
2012-09-24,7.18,7.17,7.21,7.11,442806.0
2012-09-25,7.16,7.16,7.18,7.13,235284.0
2012-09-26,7.15,7.11,7.18,7.1,283443.0
2012-09-27,7.11,7.32,7.36,7.1,745652.0
2012-09-28,7.28,7.38,7.39,7.24,629301.0
2012-10-08,7.38,7.32,7.42,7.28,323246.0
2012-10-09,7.35,7.45,7.48,7.34,486201.0
2012-10-10,7.43,7.44,7.46,7.4,271474.0
2012-10-11,7.41,7.41,7.43,7.37,295643.0
2012-10-12,7.43,7.45,7.5,7.41,379538.0
2012-10-15,7.46,7.41,7.47,7.37,222493.0
2012-10-16,7.41,7.46,7.52,7.39,439525.0
2012-10-17,7.48,7.55,7.58,7.44,526585.0
2012-10-18,7.55,7.62,7.65,7.54,513973.0
2012-10-19,7.62,7.58,7.63,7.55,401856.0
2012-10-22,7.54,7.65,7.68,7.53,367999.0
2012-10-23,7.66,7.57,7.68,7.55,321892.0
2012-10-24,7.55,7.59,7.63,7.54,283285.0
2012-10-25,7.58,7.53,7.62,7.5,298075.0
2012-10-26,7.54,7.46,7.57,7.42,496112.0
2012-10-29,7.44,7.47,7.49,7.42,281768.0
2012-10-30,7.47,7.48,7.53,7.4,370829.0
2012-10-31,7.49,7.51,7.53,7.43,364111.0
2012-11-01,7.52,7.64,7.7,7.51,572051.0
2012-11-02,7.65,7.68,7.7,7.61,475875.0
2012-11-05,7.7,7.73,7.78,7.66,569740.0
2012-11-06,7.74,7.68,7.74,7.59,421771.0
2012-11-07,7.67,7.69,7.73,7.64,261938.0
2012-11-08,7.63,7.54,7.66,7.53,386672.0
2012-11-09,7.53,7.53,7.59,7.5,269213.0
2012-11-12,7.54,7.63,7.64,7.53,436455.0
2012-11-13,7.62,7.49,7.62,7.48,376916.0
2012-11-14,7.49,7.5,7.53,7.47,218232.0
2012-11-15,7.49,7.42,7.5,7.41,292200.0
2012-11-16,7.41,7.36,7.41,7.34,332663.0
2012-11-19,7.36,7.37,7.4,7.33,247853.0
2012-11-20,7.4,7.35,7.41,7.33,202530.0
2012-11-21,7.35,7.47,7.48,7.34,289576.0
2012-11-22,7.45,7.44,7.48,7.4,227848.0
2012-11-23,7.46,7.51,7.56,7.43,358198.0
2012-11-26,7.5,7.47,7.54,7.43,281675.0
2012-11-27,7.44,7.46,7.52,7.42,408275.0
2012-11-28,7.44,7.44,7.5,7.42,419788.0
2012-11-29,7.46,7.41,7.47,7.4,392794.0
2012-11-30,7.41,7.46,7.48,7.37,388223.0
2012-12-03,7.46,7.35,7.47,7.34,537692.0
2012-12-04,7.33,7.43,7.46,7.33,349748.0
2012-12-05,7.43,7.88,7.92,7.41,2270020.0
2012-12-06,7.87,7.89,7.97,7.83,1151350.0
2012-12-07,7.93,8.26,8.28,7.92,2292490.0
2012-12-10,8.35,8.33,8.42,8.26,2152550.0
2012-12-11,8.32,8.28,8.37,8.25,1149310.0
2012-12-12,8.29,8.4,8.49,8.29,1741270.0
2012-12-13,8.35,8.29,8.45,8.28,1240940.0
2012-12-14,8.32,8.9,8.99,8.32,3443940.0
2012-12-17,9.0,9.07,9.11,8.94,2547830.0
2012-12-18,9.01,9.14,9.29,8.97,2348800.0
2012-12-19,9.11,9.05,9.16,8.98,1766710.0
2012-12-20,8.99,9.06,9.07,8.88,1497510.0
2012-12-21,9.06,8.97,9.11,8.88,1308200.0
2012-12-24,8.94,9.09,9.26,8.94,1346430.0
2012-12-25,9.07,9.45,9.56,9.04,2342270.0
2012-12-26,9.46,9.46,9.49,9.37,960130.0
2012-12-27,9.46,9.39,9.64,9.32,1278480.0
2012-12-28,9.37,9.59,9.64,9.37,1196000.0
2012-12-31,9.64,9.92,9.96,9.63,1984520.0
2013-01-04,10.1,10.02,10.26,9.93,2614370.0
2013-01-07,10.05,10.32,10.34,10.01,2482010.0
2013-01-08,10.34,10.12,10.35,10.06,1548510.0
2013-01-09,10.09,10.14,10.18,9.98,1759060.0
2013-01-10,10.11,10.04,10.21,9.99,1212270.0
2013-01-11,10.07,9.82,10.12,9.77,1715480.0
2013-01-14,9.75,10.35,10.36,9.75,2286350.0
2013-01-15,10.35,10.33,10.41,10.22,1340390.0
2013-01-16,10.28,10.12,10.32,9.98,1566920.0
2013-01-17,10.05,10.03,10.17,9.88,1166720.0
2013-01-18,10.08,10.16,10.25,9.97,1298730.0
2013-01-21,10.2,10.4,10.44,10.05,1781550.0
2013-01-22,10.38,10.48,10.76,10.25,2422220.0
2013-01-23,10.44,10.6,10.62,10.37,1559680.0
2013-01-24,10.6,10.61,11.04,10.53,3202100.0
2013-01-25,10.6,10.66,10.68,10.53,897168.0
2013-01-28,10.66,11.18,11.21,10.65,2630890.0
2013-01-29,11.21,11.3,11.47,11.11,1910670.0
2013-01-30,11.29,11.24,11.36,11.09,1721720.0
2013-01-31,11.24,11.48,11.5,11.12,1811470.0
2013-02-01,11.41,11.95,11.97,11.31,2231570.0
2013-02-04,11.98,12.07,12.27,11.83,2715400.0
2013-02-05,11.91,11.87,12.0,11.65,1769450.0
2013-02-06,11.85,12.0,12.05,11.72,1337480.0
2013-02-07,12.0,11.43,12.02,11.17,3151940.0
2013-02-08,11.4,11.34,11.45,11.06,1959050.0
2013-02-18,11.42,11.26,11.5,11.19,1190520.0
2013-02-19,11.23,11.1,11.31,11.07,1145650.0
2013-02-20,11.1,10.81,11.12,10.58,2645230.0
2013-02-21,10.65,10.22,10.68,10.0,2907910.0
2013-02-22,10.19,10.14,10.34,10.08,1432260.0
2013-02-25,10.21,10.32,10.4,10.2,1162740.0
2013-02-26,10.2,10.33,10.76,10.15,2385930.0
2013-02-27,10.36,10.39,10.7,10.31,1588160.0
2013-02-28,10.55,11.06,11.07,10.39,2246580.0
2013-03-01,11.07,11.17,11.31,10.8,2232090.0
2013-03-04,10.86,10.39,10.9,10.27,2610020.0
2013-03-05,10.36,11.07,11.22,10.36,2336080.0
2013-03-06,11.16,11.11,11.31,10.96,2056320.0
2013-03-07,11.02,10.76,11.1,10.51,1915550.0
2013-03-08,10.81,10.71,10.88,10.6,1030460.0
2013-03-11,10.67,10.47,10.67,10.41,940812.0
2013-03-12,10.46,10.29,10.65,10.18,1322990.0
2013-03-13,10.29,10.25,10.42,10.11,1057640.0
2013-03-14,10.4,10.45,10.56,10.27,1634190.0
2013-03-15,10.47,10.51,10.93,10.38,2142990.0
2013-03-18,10.44,10.48,10.64,10.39,1426040.0
2013-03-19,10.47,10.65,10.66,10.43,1144700.0
2013-03-20,10.68,11.19,11.2,10.65,2536980.0
2013-03-21,11.2,11.1,11.28,10.94,1932680.0
2013-03-22,11.01,11.06,11.11,10.95,1228240.0
2013-03-25,11.13,11.04,11.24,11.0,890206.0
2013-03-26,10.98,10.7,10.99,10.65,1263270.0
2013-03-27,10.71,10.76,10.95,10.63,1138150.0
2013-03-28,10.2,10.02,10.25,9.68,2980700.0
2013-03-29,10.03,10.13,10.21,9.91,1310290.0
2013-04-01,10.06,10.05,10.2,10.03,760521.0
2013-04-02,10.07,10.03,10.17,9.94,836815.0
2013-04-03,10.05,10.06,10.15,9.95,887658.0
2013-04-08,9.87,9.92,9.99,9.7,894991.0
2013-04-09,9.96,10.04,10.12,9.96,658066.0
2013-04-10,10.03,10.0,10.04,9.92,545868.0
2013-04-11,10.08,10.02,10.12,10.0,433038.0
2013-04-12,10.03,9.94,10.06,9.9,418323.0
2013-04-15,9.94,9.83,9.99,9.79,757636.0
2013-04-16,9.75,9.74,9.83,9.6,1262750.0
2013-04-17,9.74,9.59,9.74,9.52,862785.0
2013-04-18,9.46,9.63,9.66,9.42,1034220.0
2013-04-19,9.65,10.14,10.19,9.62,1786750.0
2013-04-22,10.11,10.22,10.22,10.1,1233440.0
2013-04-23,10.28,9.84,10.29,9.8,1088270.0
2013-04-24,9.86,10.03,10.15,9.77,1050050.0
2013-04-25,10.0,9.91,10.07,9.82,743203.0
2013-04-26,9.96,9.88,10.01,9.85,528064.0
2013-05-02,9.77,9.82,9.86,9.66,806678.0
2013-05-03,9.87,10.01,10.17,9.83,1093740.0
2013-05-06,10.03,10.13,10.21,9.97,878653.0
2013-05-07,10.09,10.06,10.1,9.98,600960.0
2013-05-08,10.12,10.05,10.2,10.01,721535.0
2013-05-09,10.06,9.97,10.08,9.89,646673.0
2013-05-10,9.93,10.03,10.06,9.89,631270.0
2013-05-13,10.02,10.02,10.11,9.93,669943.0
2013-05-14,10.03,9.97,10.05,9.93,673481.0
2013-05-15,9.98,9.99,10.02,9.93,472759.0
2013-05-16,9.99,10.15,10.16,9.84,1116470.0
2013-05-17,10.15,10.24,10.28,10.05,1229550.0
2013-05-20,10.26,10.41,10.54,10.2,1568510.0
2013-05-21,10.38,10.34,10.42,10.24,917752.0
2013-05-22,10.33,10.36,10.38,10.28,712077.0
2013-05-23,10.29,10.15,10.33,10.15,824847.0
2013-05-24,10.2,10.2,10.28,10.1,632310.0
2013-05-27,10.21,10.29,10.33,10.18,695470.0
2013-05-28,10.3,10.55,10.56,10.25,1113770.0
2013-05-29,10.58,10.52,10.62,10.51,914590.0
2013-05-30,10.48,10.54,10.62,10.47,894548.0
2013-05-31,10.56,10.47,10.62,10.46,1018760.0
2013-06-03,9.97,9.84,10.01,9.81,831861.0
2013-06-04,9.89,9.74,9.89,9.7,601646.0
2013-06-05,9.74,9.65,9.77,9.6,564058.0
2013-06-06,9.61,9.45,9.67,9.42,724176.0
2013-06-07,9.51,9.35,9.57,9.32,723441.0
2013-06-13,9.25,9.02,9.25,8.91,1278200.0
2013-06-14,9.07,9.02,9.07,8.98,775307.0
2013-06-17,9.05,9.01,9.1,8.96,520392.0
2013-06-18,9.05,9.07,9.12,9.01,403588.0
2013-06-19,9.05,8.89,9.05,8.82,531048.0
2013-06-20,8.86,8.42,8.86,8.4,1375720.0
2013-06-21,8.31,8.28,8.47,8.22,1474430.0
2013-06-24,8.29,7.52,8.29,7.5,2499770.0
2013-06-25,7.45,7.8,7.84,7.18,2466010.0
2013-06-26,7.9,7.77,7.95,7.63,1307890.0
2013-06-27,7.85,7.88,7.92,7.7,1258230.0
2013-06-28,7.82,8.28,8.3,7.76,1577540.0
2013-07-01,8.22,8.17,8.27,8.07,860271.0
2013-07-02,8.18,8.15,8.22,7.95,840196.0
2013-07-03,8.1,8.04,8.11,7.97,696903.0
2013-07-04,8.06,8.12,8.28,8.02,857945.0
2013-07-05,8.11,8.11,8.22,8.08,587643.0
2013-07-08,8.0,7.91,8.05,7.9,639776.0
2013-07-09,7.92,7.92,7.96,7.88,409645.0
2013-07-10,7.95,8.11,8.13,7.9,608291.0
2013-07-11,8.17,8.86,8.92,8.17,2741520.0
2013-07-12,8.76,8.49,8.85,8.43,1622110.0
2013-07-15,8.55,8.56,8.71,8.41,1038510.0
2013-07-16,8.52,8.54,8.55,8.41,784305.0
2013-07-17,8.52,8.45,8.55,8.38,794897.0
2013-07-18,8.41,8.2,8.45,8.16,990444.0
2013-07-19,8.22,8.03,8.24,8.02,762423.0
2013-07-22,7.9,7.95,7.99,7.82,955521.0
2013-07-23,7.99,8.14,8.23,7.94,1159060.0
2013-07-24,8.04,8.0,8.09,7.9,874106.0
2013-07-25,8.02,8.02,8.11,7.96,620108.0
2013-07-26,7.98,7.97,8.01,7.94,428005.0
2013-07-29,7.9,7.74,7.9,7.71,845185.0
2013-07-30,7.78,7.84,7.96,7.74,689076.0
2013-07-31,7.91,7.86,8.02,7.82,503354.0
2013-08-01,7.92,7.99,8.02,7.87,589594.0
2013-08-02,8.06,7.98,8.12,7.97,577672.0
2013-08-05,7.98,8.06,8.07,7.95,530561.0
2013-08-06,8.03,8.03,8.08,7.98,827985.0
2013-08-07,8.03,8.01,8.14,8.0,686799.0
2013-08-08,8.01,7.99,8.07,7.95,546114.0
2013-08-09,8.05,8.01,8.08,7.96,554836.0
2013-08-12,8.04,8.31,8.32,8.01,1427610.0
2013-08-13,8.3,8.42,8.43,8.27,1186730.0
2013-08-14,8.44,8.31,8.53,8.3,1219040.0
2013-08-15,8.31,8.22,8.37,8.2,671348.0
2013-08-16,8.17,8.31,9.04,8.15,2647130.0
2013-08-19,8.24,8.45,8.5,8.23,1247050.0
2013-08-20,8.42,8.51,8.78,8.39,1536060.0
2013-08-21,8.53,8.45,8.58,8.37,657322.0
2013-08-22,8.41,8.44,8.62,8.4,603265.0
2013-08-23,8.54,8.42,8.63,8.25,1175300.0
2013-08-26,8.45,8.74,8.78,8.4,1617200.0
2013-08-27,8.75,8.95,9.05,8.7,2246730.0
2013-08-28,8.88,9.0,9.15,8.79,2435750.0
2013-08-29,9.11,8.92,9.21,8.86,1464970.0
2013-08-30,8.86,8.99,9.05,8.76,1291430.0
2013-09-02,9.11,8.97,9.29,8.95,1412370.0
2013-09-03,8.96,9.09,9.12,8.89,1403840.0
2013-09-04,9.04,9.14,9.24,9.03,1424500.0
2013-09-05,9.19,9.13,9.19,9.06,935444.0
2013-09-06,9.15,9.57,9.87,9.12,3010150.0
2013-09-09,10.28,10.53,10.53,10.18,5801890.0
2013-09-10,11.0,11.4,11.49,10.77,11980200.0
2013-09-11,11.21,11.27,11.47,11.2,6035510.0
2013-09-12,11.3,12.25,12.4,11.16,10415300.0
2013-09-13,12.08,11.91,12.27,11.73,6616470.0
2013-09-16,12.0,11.49,12.02,11.23,6994930.0
2013-09-17,11.41,10.83,11.48,10.77,5117380.0
2013-09-18,10.95,11.0,11.19,10.83,4001720.0
2013-09-23,11.05,11.18,11.2,10.8,4536300.0
2013-09-24,11.19,10.81,11.2,10.57,4769010.0
2013-09-25,10.74,10.78,11.18,10.69,3841460.0
2013-09-26,10.75,10.17,10.76,10.07,4484940.0
2013-09-27,10.11,10.24,10.33,10.05,2437820.0
2013-09-30,10.34,10.09,10.37,10.02,2565110.0
2013-10-08,10.03,10.23,10.33,9.88,2584440.0
2013-10-09,10.1,10.27,10.46,10.07,2440150.0
2013-10-10,10.3,9.98,10.35,9.93,2492250.0
2013-10-11,10.1,10.55,10.65,10.0,4419610.0
2013-10-14,10.45,10.29,10.5,10.25,2740090.0
2013-10-15,10.3,10.11,10.35,10.02,2123240.0
2013-10-16,10.09,9.91,10.09,9.82,2173230.0
2013-10-17,10.01,9.82,10.07,9.81,1452540.0
2013-10-18,9.82,9.88,10.06,9.8,1298500.0
2013-10-21,9.95,10.12,10.16,9.8,2118510.0
2013-10-22,10.11,9.93,10.11,9.86,1560110.0
2013-10-23,9.95,10.02,10.35,9.91,2605130.0
2013-10-24,9.96,9.98,10.16,9.82,1700030.0
2013-10-25,10.01,10.07,10.26,9.99,2565240.0
2013-10-28,10.08,10.15,10.22,9.92,1640980.0
2013-10-29,10.22,10.48,10.69,10.18,4942140.0
2013-10-30,10.48,10.59,10.62,10.31,3011660.0
2013-10-31,10.58,10.33,10.6,10.31,2116380.0
2013-11-01,10.32,10.42,10.53,10.23,1640570.0
2013-11-04,10.48,10.3,10.54,10.26,1387860.0
2013-11-05,10.22,10.2,10.25,10.04,1725360.0
2013-11-06,10.07,10.03,10.2,10.0,1510270.0
2013-11-07,10.08,10.05,10.19,9.97,1149840.0
2013-11-08,10.02,9.98,10.1,9.93,1103890.0
2013-11-11,9.99,9.97,10.02,9.9,797592.0
2013-11-12,10.01,10.12,10.19,10.0,1196550.0
2013-11-13,10.04,9.64,10.05,9.63,2087140.0
2013-11-14,9.6,9.49,9.68,9.39,1691110.0
2013-11-15,9.49,9.68,9.85,9.48,1805650.0
2013-11-18,9.75,10.1,10.11,9.66,2312760.0
2013-11-19,10.1,9.97,10.1,9.95,1285170.0
2013-11-20,10.01,10.05,10.18,9.97,1259870.0
2013-11-21,10.0,10.07,10.08,9.78,1723410.0
2013-11-22,10.05,10.06,10.11,9.98,1311170.0
2013-11-25,9.99,9.93,10.11,9.92,967671.0
2013-11-26,9.9,9.9,10.03,9.88,728577.0
2013-11-27,9.87,9.93,10.08,9.76,1343570.0
2013-11-28,9.95,9.96,10.06,9.9,1218390.0
2013-11-29,10.06,9.99,10.12,9.96,1124920.0
2013-12-02,10.1,10.32,10.34,9.99,4089530.0
2013-12-03,10.27,10.26,10.34,10.14,1789540.0
2013-12-04,10.24,10.4,10.57,10.2,2833030.0
2013-12-05,10.4,10.35,10.44,10.28,1505660.0
2013-12-06,10.34,10.22,10.34,10.13,1577340.0
2013-12-09,10.21,10.11,10.25,10.08,1113360.0
2013-12-10,10.12,10.14,10.21,10.08,894765.0
2013-12-11,10.11,9.93,10.13,9.91,1271770.0
2013-12-12,9.91,9.88,9.96,9.87,898390.0
2013-12-13,9.84,9.83,9.85,9.77,981246.0
2013-12-16,9.85,9.74,9.97,9.72,1198020.0
2013-12-17,9.76,9.69,9.77,9.66,781262.0
2013-12-18,9.71,9.71,9.8,9.68,551918.0
2013-12-19,9.75,9.61,9.78,9.6,710035.0
2013-12-20,9.63,9.36,9.64,9.34,1075940.0
2013-12-23,9.41,9.34,9.48,9.31,630149.0
2013-12-24,9.37,9.34,9.41,9.25,718029.0
2013-12-25,9.33,9.27,9.35,9.15,890033.0
2013-12-26,9.26,9.09,9.27,9.06,825187.0
2013-12-27,9.09,9.24,9.32,9.08,880523.0
2013-12-30,9.3,9.2,9.32,9.19,704088.0
2013-12-31,9.21,9.43,9.53,9.17,1072370.0
2014-01-02,9.44,9.33,9.45,9.29,698210.0
2014-01-03,9.28,9.14,9.3,9.08,883520.0
2014-01-06,9.31,9.19,9.34,9.13,1172680.0
2014-01-07,9.17,9.14,9.21,9.01,721509.0
2014-01-08,9.14,9.2,9.32,9.11,786035.0
2014-01-09,9.2,9.29,9.44,9.16,1099770.0
2014-01-10,9.28,9.41,9.45,9.24,933800.0
2014-01-13,9.44,9.39,9.47,9.33,659354.0
2014-01-14,9.4,9.4,9.43,9.25,797103.0
2014-01-15,9.39,9.23,9.4,9.16,776066.0
2014-01-16,9.22,9.18,9.26,9.17,672047.0
2014-01-17,9.17,9.12,9.17,9.07,660475.0
2014-01-20,9.1,9.07,9.13,9.04,420948.0
2014-01-21,9.1,9.16,9.26,9.09,475960.0
2014-01-22,9.18,9.34,9.38,9.17,913873.0
2014-01-23,9.31,9.22,9.34,9.21,630554.0
2014-01-24,9.17,9.23,9.32,9.14,707572.0
2014-01-27,9.19,9.12,9.2,9.1,698586.0
2014-01-28,9.12,9.19,9.29,9.12,573336.0
2014-01-29,9.24,9.29,9.31,9.2,710428.0
2014-01-30,9.27,9.17,9.3,9.15,525089.0
2014-02-07,9.13,9.18,9.18,9.07,511369.0
2014-02-10,9.18,9.29,9.3,9.16,915731.0
2014-02-11,9.31,9.54,9.68,9.22,2123920.0
2014-02-12,9.5,9.5,9.64,9.44,1064490.0
2014-02-13,9.48,9.6,9.84,9.41,1977650.0
2014-02-14,9.6,9.59,9.63,9.51,805032.0
2014-02-17,9.62,9.52,9.66,9.48,1079160.0
2014-02-18,9.51,9.26,9.51,9.23,1319720.0
2014-02-19,9.25,9.49,9.57,9.2,1507300.0
2014-02-20,9.53,9.39,9.73,9.36,1446070.0
2014-02-21,9.39,9.29,9.43,9.22,823125.0
2014-02-24,9.2,9.01,9.21,8.97,1352690.0
2014-02-25,9.01,8.83,9.08,8.81,1129880.0
2014-02-26,8.81,8.85,8.89,8.77,798111.0
2014-02-27,8.9,8.94,9.03,8.81,1125560.0
2014-02-28,8.9,8.91,9.01,8.8,754279.0
2014-03-03,8.91,8.85,8.92,8.81,813900.0
2014-03-04,8.84,8.87,8.91,8.68,1134740.0
2014-03-05,8.86,8.7,8.88,8.68,667763.0
2014-03-06,8.7,8.8,8.86,8.62,1052220.0
2014-03-07,8.8,8.73,8.91,8.71,859966.0
2014-03-10,8.67,8.44,8.71,8.42,1003360.0
2014-03-11,8.43,8.46,8.53,8.39,711195.0
2014-03-12,8.47,8.56,8.67,8.39,1104690.0
2014-03-13,8.76,8.84,9.13,8.68,1981160.0
2014-03-14,8.78,8.99,9.03,8.72,1797690.0
2014-03-18,9.22,8.89,9.23,8.87,1679650.0
2014-03-19,8.85,9.05,9.07,8.76,938382.0
2014-03-20,8.96,8.99,9.2,8.95,1660590.0
2014-03-21,8.98,9.89,9.89,8.97,5777300.0
2014-03-24,9.89,9.8,10.01,9.74,5509380.0
2014-03-25,9.76,9.75,9.86,9.68,2253240.0
2014-03-26,9.78,9.58,9.83,9.51,1886550.0
2014-03-27,9.53,9.69,9.94,9.48,3101840.0
2014-03-28,9.64,9.67,9.92,9.6,2356100.0
2014-03-31,9.7,9.72,9.77,9.57,1179580.0
2014-04-01,9.66,9.73,9.84,9.63,1211420.0
2014-04-02,9.75,9.94,10.04,9.71,2214870.0
2014-04-03,9.94,9.67,10.0,9.64,2025890.0
2014-04-04,9.62,9.73,9.75,9.57,1037100.0
2014-04-08,9.71,10.14,10.31,9.71,3899480.0
2014-04-09,10.12,10.1,10.19,10.03,1669720.0
2014-04-10,10.14,10.23,10.41,10.03,2517740.0
2014-04-11,10.18,10.25,10.32,10.14,1879820.0
2014-04-14,10.25,10.12,10.29,10.09,1335670.0
2014-04-15,10.07,9.85,10.08,9.82,1761660.0
2014-04-16,9.82,9.9,9.97,9.81,1007660.0
2014-04-17,9.93,9.76,9.97,9.74,1478780.0
2014-04-18,9.73,9.78,9.81,9.63,1153940.0
2014-04-21,9.74,9.71,9.96,9.68,1313920.0
2014-04-22,9.68,9.9,9.92,9.66,1412310.0
2014-04-23,9.85,9.88,10.0,9.83,1364200.0
2014-04-24,9.9,9.87,9.98,9.85,823095.0
2014-04-25,9.92,9.84,10.06,9.82,1805740.0
2014-04-28,9.82,9.67,9.87,9.65,1234250.0
2014-04-29,9.67,9.8,9.82,9.65,884433.0
2014-04-30,9.98,9.77,10.02,9.76,1425590.0
2014-05-05,9.77,9.74,9.79,9.58,1035090.0
2014-05-06,9.7,9.7,9.8,9.67,587976.0
2014-05-07,9.69,9.66,9.75,9.64,559728.0
2014-05-08,9.66,9.75,9.87,9.64,952259.0
2014-05-09,9.75,9.76,9.82,9.69,748293.0
2014-05-12,9.85,9.93,9.96,9.79,1295900.0
2014-05-13,9.9,9.9,9.94,9.83,661825.0
2014-05-14,9.89,9.81,9.92,9.78,1143550.0
2014-05-15,9.79,9.73,9.83,9.71,704269.0
2014-05-16,9.7,9.75,9.8,9.7,571422.0
2014-05-19,9.72,9.52,9.72,9.47,1374060.0
2014-05-20,9.56,9.55,9.6,9.48,640577.0
2014-05-21,9.52,9.6,9.61,9.41,542980.0
2014-05-22,9.59,9.6,9.73,9.57,716886.0
2014-05-23,9.61,9.7,9.7,9.59,470573.0
2014-05-26,9.76,9.74,9.78,9.69,541090.0
2014-05-27,9.73,9.66,9.74,9.62,744362.0
2014-05-28,9.66,9.68,9.72,9.6,924783.0
2014-05-29,9.68,9.62,9.72,9.6,752585.0
2014-05-30,9.62,9.57,9.63,9.55,690968.0
2014-06-03,9.59,9.54,9.64,9.53,706413.0
2014-06-04,9.55,9.45,9.56,9.4,862464.0
2014-06-05,9.45,9.62,9.63,9.43,565003.0
2014-06-06,9.6,9.51,9.62,9.45,534260.0
2014-06-09,9.46,9.54,9.67,9.46,582317.0
2014-06-10,9.59,9.63,9.65,9.52,682568.0
2014-06-11,9.59,9.59,9.63,9.55,463348.0
2014-06-12,9.57,9.54,9.59,9.52,429177.0
2014-06-13,9.55,9.73,9.78,9.54,1296250.0
2014-06-16,9.73,9.81,9.87,9.69,1184770.0
2014-06-17,9.83,9.73,9.83,9.71,913171.0
2014-06-18,9.73,9.73,9.77,9.71,664600.0
2014-06-19,9.74,9.64,9.81,9.6,689065.0
2014-06-20,9.64,9.7,9.71,9.62,576657.0
2014-06-23,9.71,9.66,9.77,9.63,860196.0
2014-06-24,9.05,9.04,9.09,9.01,833055.0
2014-06-25,9.05,8.98,9.05,8.97,467978.0
2014-06-26,8.98,8.99,9.04,8.98,430525.0
2014-06-27,8.99,8.97,9.02,8.96,427132.0
2014-06-30,8.98,9.05,9.08,8.98,526451.0
2014-07-01,9.08,9.06,9.1,9.01,425845.0
2014-07-02,9.06,9.06,9.09,9.02,412628.0
2014-07-03,9.06,9.07,9.09,9.03,645532.0
2014-07-04,9.08,9.07,9.09,9.05,472639.0
2014-07-07,9.07,9.05,9.08,9.03,428314.0
2014-07-08,9.05,9.05,9.06,9.01,525930.0
2014-07-09,9.05,8.92,9.05,8.91,758296.0
2014-07-10,8.92,8.92,8.95,8.9,432848.0
2014-07-11,8.92,8.94,8.99,8.91,584612.0
2014-07-14,8.93,9.0,9.01,8.9,501923.0
2014-07-15,9.01,9.01,9.02,8.98,573316.0
2014-07-16,9.01,9.02,9.05,9.0,577580.0
2014-07-17,9.03,8.99,9.04,8.97,430761.0
2014-07-18,8.98,9.02,9.05,8.96,601436.0
2014-07-21,9.01,8.98,9.02,8.97,433945.0
2014-07-22,8.96,9.06,9.1,8.96,1011860.0
2014-07-23,9.04,9.08,9.14,9.04,950719.0
2014-07-24,9.09,9.32,9.38,9.09,2350070.0
2014-07-25,9.38,9.39,9.44,9.3,1344610.0
2014-07-28,9.44,9.76,9.83,9.44,3158570.0
2014-07-29,9.8,9.78,9.88,9.72,2030490.0
2014-07-30,9.89,9.71,9.92,9.67,1827280.0
2014-07-31,9.69,9.8,9.81,9.66,1130040.0
2014-08-01,9.77,9.76,9.96,9.74,1993160.0
2014-08-04,9.82,9.92,9.94,9.73,1670010.0
2014-08-05,9.92,9.87,9.95,9.8,1169420.0
2014-08-06,9.83,9.74,9.83,9.66,1345310.0
2014-08-07,9.75,9.56,9.78,9.55,1412440.0
2014-08-08,9.56,9.54,9.6,9.5,1209830.0
2014-08-11,9.57,9.7,9.73,9.57,999023.0
2014-08-12,9.69,9.64,9.7,9.6,808562.0
2014-08-13,9.64,9.61,9.68,9.53,972017.0
2014-08-14,9.63,9.6,9.68,9.58,1023260.0
2014-08-15,9.63,9.68,9.7,9.58,835078.0
2014-08-18,9.69,9.72,9.81,9.67,961117.0
2014-08-19,9.78,9.71,9.78,9.64,997962.0
2014-08-20,9.71,9.64,9.71,9.63,701355.0
2014-08-21,9.64,9.5,9.65,9.43,1180570.0
2014-08-22,9.5,9.54,9.58,9.47,768857.0
2014-08-25,9.52,9.44,9.53,9.42,905961.0
2014-08-26,9.43,9.46,9.5,9.41,852136.0
2014-08-27,9.45,9.45,9.5,9.43,546288.0
2014-08-28,9.45,9.36,9.45,9.36,702892.0
2014-08-29,9.4,9.47,9.48,9.36,538816.0
2014-09-01,9.49,9.49,9.52,9.44,685781.0
2014-09-02,9.51,9.6,9.63,9.46,1287060.0
2014-09-03,9.63,9.68,9.74,9.62,1285880.0
2014-09-04,9.7,9.71,9.72,9.63,989192.0
2014-09-05,9.73,9.74,9.78,9.69,1269260.0
2014-09-09,9.75,9.7,9.82,9.68,1238660.0
2014-09-10,9.65,9.59,9.66,9.57,1116600.0
2014-09-11,9.6,9.6,9.73,9.57,1197630.0
2014-09-12,9.61,9.6,9.61,9.53,802965.0
2014-09-15,9.56,9.6,9.64,9.51,994445.0
2014-09-16,9.65,9.62,9.76,9.59,2227520.0
2014-09-17,9.63,9.57,9.66,9.53,1165770.0
2014-09-18,9.56,9.73,9.75,9.53,2189940.0
2014-09-19,9.72,9.85,9.91,9.7,2860050.0
2014-09-22,9.83,9.61,9.83,9.61,1555470.0
2014-09-23,9.61,9.63,9.69,9.6,882242.0
2014-09-24,9.61,9.76,9.79,9.59,1526370.0
2014-09-25,9.79,9.71,9.83,9.68,1372160.0
2014-09-26,9.69,9.72,9.74,9.64,805983.0
2014-09-29,9.75,9.76,9.81,9.72,1217630.0
2014-09-30,9.78,9.75,9.8,9.7,1050930.0
2014-10-08,9.78,9.84,9.85,9.73,1427240.0
2014-10-09,9.85,9.85,9.94,9.81,1309680.0
2014-10-10,9.8,9.83,9.91,9.77,1330300.0
2014-10-13,9.79,9.73,9.83,9.68,1098310.0
2014-10-14,9.72,9.72,9.82,9.69,840029.0
2014-10-15,9.72,9.79,9.85,9.64,1339220.0
2014-10-16,9.74,9.89,10.04,9.7,2963670.0
2014-10-17,9.88,9.85,10.0,9.75,1610200.0
2014-10-20,9.93,9.9,9.95,9.82,1147190.0
2014-10-21,9.89,9.78,9.91,9.76,1052910.0
2014-10-22,9.79,9.78,9.88,9.75,910921.0
2014-10-23,9.78,9.75,9.88,9.72,1184160.0
2014-10-24,9.77,9.68,9.79,9.66,1083130.0
2014-10-27,9.62,9.47,9.63,9.4,1389300.0
2014-10-28,9.5,9.59,9.61,9.5,1010440.0
2014-10-29,9.61,9.7,9.75,9.57,1610510.0
2014-10-30,9.72,9.81,9.85,9.65,1767800.0
2014-10-31,9.88,10.2,10.38,9.85,4910650.0
2014-11-03,10.25,10.16,10.28,10.1,2483720.0
2014-11-04,10.2,10.07,10.2,10.02,1632130.0
2014-11-05,10.08,9.99,10.11,9.96,1575610.0
2014-11-06,10.01,10.03,10.04,9.95,1018630.0
2014-11-07,10.01,10.18,10.39,9.98,4071140.0
2014-11-10,10.53,10.55,10.81,10.42,4893770.0
2014-11-11,10.62,10.92,11.26,10.62,6537390.0
2014-11-12,10.85,11.05,11.07,10.74,2710390.0
2014-11-13,11.1,10.94,11.38,10.86,3712640.0
2014-11-14,10.88,10.9,10.98,10.75,1984140.0
2014-11-17,10.94,10.75,11.08,10.73,2145200.0
2014-11-18,10.75,10.45,10.8,10.43,2549010.0
2014-11-19,10.43,10.47,10.54,10.39,1453270.0
2014-11-20,10.45,10.57,10.66,10.37,1624020.0
2014-11-21,10.58,10.79,10.82,10.46,2099980.0
2014-11-24,10.57,10.86,10.99,10.45,4740500.0
2014-11-25,10.81,11.08,11.09,10.75,2894900.0
2014-11-26,11.25,11.32,11.43,11.1,4522630.0
2014-11-27,11.48,11.48,11.72,11.28,4397380.0
2014-11-28,11.53,12.4,12.48,11.48,8321830.0
2014-12-01,12.45,12.16,12.98,12.12,6072700.0
2014-12-02,12.03,12.87,13.08,12.03,5893710.0
2014-12-03,12.84,12.58,13.29,12.32,7305610.0
2014-12-04,12.58,13.27,13.3,12.37,7200420.0
2014-12-05,13.42,13.53,14.0,12.9,8596480.0
2014-12-08,13.39,13.81,14.04,13.2,7039220.0
2014-12-09,13.56,12.65,14.16,12.46,8691940.0
2014-12-10,12.7,13.16,13.25,12.21,6202720.0
2014-12-11,12.96,13.05,13.55,12.85,4425710.0
2014-12-12,13.05,12.98,13.38,12.78,3105590.0
2014-12-15,12.8,12.76,12.82,12.46,3350250.0
2014-12-16,12.7,13.29,13.3,12.65,4386880.0
2014-12-17,13.49,14.11,14.39,13.33,8697040.0
2014-12-18,14.22,13.89,14.34,13.71,4996280.0
2014-12-19,13.96,14.09,14.2,13.63,4362440.0
2014-12-22,14.18,14.68,15.2,14.14,6834500.0
2014-12-23,14.4,14.11,14.98,14.08,4415790.0
2014-12-24,14.11,13.46,14.2,13.31,4175800.0
2014-12-25,13.75,14.25,14.27,13.53,4557220.0
2014-12-26,14.3,14.77,14.84,14.19,4669830.0
2014-12-29,15.4,14.95,15.88,14.71,6252160.0
2014-12-30,14.95,15.36,15.5,14.83,4436560.0
2014-12-31,15.45,15.69,15.79,15.11,4688320.0
2015-01-05,15.88,16.07,16.25,15.56,5135690.0
2015-01-06,16.0,16.13,16.68,15.82,5116840.0
2015-01-07,15.9,15.81,16.17,15.53,3857170.0
2015-01-08,15.87,15.25,15.88,15.2,3306270.0
2015-01-09,15.2,15.43,16.25,15.11,4920000.0
2015-01-12,15.5,15.22,15.71,14.95,3677870.0
2015-01-13,15.13,15.18,15.41,15.1,1784050.0
2015-01-14,15.31,15.49,15.79,15.31,3090190.0
2015-01-15,15.49,16.12,16.15,15.39,3298270.0
2015-01-16,16.24,16.47,16.75,16.16,4802460.0
2015-01-19,15.38,14.82,15.73,14.82,6235210.0
2015-01-20,14.88,15.0,15.17,14.58,4792160.0
2015-01-21,15.1,15.74,15.87,14.81,4875400.0
2015-01-22,15.73,15.63,15.76,15.35,2947380.0
2015-01-23,15.74,15.63,16.04,15.54,3200430.0
2015-01-26,15.56,15.43,15.59,15.13,2685670.0
2015-01-27,15.44,15.01,15.44,14.75,3519140.0
2015-01-28,14.82,14.81,15.11,14.66,2422030.0
2015-01-29,14.58,14.42,14.68,14.32,2669680.0
2015-01-30,14.58,14.47,14.69,14.36,2078650.0
2015-02-02,14.06,14.04,14.26,13.99,2116180.0
2015-02-03,14.21,14.45,14.46,14.02,1962640.0
2015-02-04,14.5,14.18,14.59,14.12,1678960.0
2015-02-05,14.75,14.18,14.8,14.17,3943330.0
2015-02-06,14.09,14.09,14.32,13.95,1865480.0
2015-02-09,14.06,14.16,14.27,13.85,2245860.0
2015-02-10,14.15,14.43,14.48,14.08,1836940.0
2015-02-11,14.43,14.42,14.54,14.31,1241270.0
2015-02-12,14.42,14.35,14.43,14.11,1489540.0
2015-02-13,14.5,14.43,14.67,14.35,2083670.0
2015-02-16,14.43,14.4,14.46,14.26,1392200.0
2015-02-17,14.42,14.47,14.58,14.41,1206650.0
2015-02-25,14.48,14.28,14.5,14.18,1409330.0
2015-02-26,14.25,14.62,14.68,14.11,2150140.0
2015-02-27,14.6,14.53,14.8,14.48,1956070.0
2015-03-02,14.58,14.48,14.58,14.36,2187630.0
2015-03-03,14.44,14.0,14.44,13.98,2663720.0
2015-03-04,14.05,13.91,14.07,13.85,1565960.0
2015-03-05,13.84,13.58,13.84,13.51,2265050.0
2015-03-06,13.58,13.63,13.78,13.54,1280360.0
2015-03-09,13.81,14.51,14.7,13.61,4348020.0
2015-03-10,14.32,14.1,14.37,14.07,2548450.0
2015-03-11,14.17,14.25,14.56,14.17,2150700.0
2015-03-12,14.65,15.12,15.56,14.58,6327820.0
2015-03-13,15.19,15.29,15.8,15.08,4401780.0
2015-03-16,15.56,15.47,15.61,15.2,3161170.0
2015-03-17,15.6,15.54,15.68,15.36,3096780.0
2015-03-18,15.57,15.88,15.88,15.43,3546550.0
2015-03-19,15.88,15.64,15.89,15.58,3167710.0
2015-03-20,15.62,15.75,16.09,15.37,4565310.0
2015-03-23,15.82,15.91,16.04,15.77,3575930.0
2015-03-24,15.89,15.69,16.0,15.6,3246580.0
2015-03-25,15.6,15.24,15.72,15.15,3317300.0
2015-03-26,15.15,15.36,15.58,15.04,2823410.0
2015-03-27,15.32,15.36,15.55,15.17,2181750.0
2015-03-30,15.55,16.02,16.2,15.44,4874430.0
2015-03-31,16.48,15.79,16.58,15.74,4940490.0
2015-04-01,15.79,15.95,16.14,15.75,3058780.0
2015-04-02,16.3,16.18,16.38,15.87,4100880.0
2015-04-03,16.0,16.2,16.29,15.93,3203620.0
2015-04-07,16.5,16.71,16.87,16.45,5022600.0
2015-04-08,16.73,17.02,17.04,16.45,5148160.0
2015-04-09,17.05,16.87,17.48,16.8,4973360.0
2015-04-10,16.86,17.53,17.57,16.76,4515430.0
2015-04-13,17.99,18.03,18.48,17.62,5814070.0
2015-04-14,18.03,17.89,18.04,17.56,3728370.0
2015-04-15,17.8,17.96,18.45,17.71,4496440.0
2015-04-16,17.97,18.65,18.67,17.85,4159850.0
2015-04-17,18.95,18.6,19.05,18.47,4901590.0
2015-04-20,18.72,17.9,18.72,17.6,5724360.0
2015-04-21,17.75,18.16,18.19,17.75,3681950.0
2015-04-22,18.3,18.5,18.55,18.08,4207670.0
2015-04-23,18.5,18.22,18.64,18.11,3635940.0
2015-04-24,17.8,17.68,18.03,17.46,4229270.0
2015-04-27,17.72,18.17,18.25,17.72,3845410.0
2015-04-28,18.24,18.3,19.0,18.0,6000540.0
2015-04-29,18.27,18.53,18.66,18.06,3583940.0
2015-04-30,18.28,18.07,18.46,18.05,4127600.0
2015-05-04,18.0,17.81,18.0,17.6,2580650.0
2015-05-05,17.73,17.08,17.75,16.85,3753860.0
2015-05-06,17.08,17.06,17.51,16.97,3036080.0
2015-05-07,17.03,17.07,17.28,16.98,2143910.0
2015-05-08,17.19,17.11,17.3,16.82,1845600.0
2015-05-11,16.98,17.27,17.31,16.79,2771530.0
2015-05-12,17.25,17.24,17.4,17.04,2191760.0
2015-05-13,17.33,17.07,17.39,16.9,2452440.0
2015-05-14,17.1,16.99,17.25,16.94,1923620.0
2015-05-15,16.91,16.78,17.07,16.59,2095970.0
2015-05-18,16.62,16.38,16.76,16.34,1875550.0
2015-05-19,16.37,17.04,17.09,16.35,2422510.0
2015-05-20,17.04,17.15,17.49,16.97,2656760.0
2015-05-21,17.25,17.32,17.4,17.1,1664040.0
2015-05-22,17.46,17.76,17.79,17.34,2480880.0
2015-05-25,17.85,18.14,18.18,17.84,2738750.0
2015-05-26,18.22,18.39,18.45,17.91,3016650.0
2015-05-27,18.44,18.07,18.65,18.05,2969420.0
2015-05-28,18.1,17.04,18.14,17.01,3340320.0
2015-05-29,17.08,17.04,17.35,16.71,2560870.0
2015-06-01,17.04,17.93,18.08,16.86,2863790.0
2015-06-02,17.93,17.84,17.97,17.5,2249360.0
2015-06-03,17.89,17.9,18.05,17.54,2441400.0
2015-06-04,18.0,18.63,18.8,17.58,4718650.0
2015-06-05,19.0,18.43,19.17,18.02,3624200.0
2015-06-17,18.49,18.2,18.98,17.95,5131190.0
2015-06-18,18.09,17.72,18.25,17.64,2782970.0
2015-06-19,17.58,17.07,17.95,16.84,2780900.0
2015-06-23,16.45,17.02,17.09,16.24,2977490.0
2015-06-24,17.03,17.25,17.3,16.58,2578250.0
2015-06-25,17.6,16.71,17.74,16.65,2716490.0
2015-06-26,16.43,15.85,17.08,15.33,3617770.0
2015-06-29,16.3,15.91,16.53,14.81,4206760.0
2015-06-30,15.93,16.96,16.98,15.91,3754110.0
2015-07-01,16.81,16.32,16.93,16.2,2505560.0
2015-07-02,16.5,16.37,16.83,15.81,3222650.0
2015-07-03,16.39,15.87,16.64,15.1,3127010.0
2015-07-06,17.4,17.22,17.46,16.63,6594220.0
2015-07-07,16.94,17.57,17.82,16.46,7137640.0
2015-07-08,16.2,15.95,17.5,15.81,8379500.0
2015-07-09,15.95,16.95,17.4,15.38,5452370.0
2015-07-10,16.76,17.28,18.15,16.65,6477690.0
2015-07-13,16.99,17.04,17.48,16.81,3725950.0
2015-07-14,16.78,16.75,16.98,16.36,3057260.0
2015-07-15,16.7,17.07,17.13,16.51,3482540.0
2015-07-16,17.07,16.96,17.12,16.71,1814030.0
2015-07-17,17.03,17.02,17.19,16.88,1959280.0
2015-07-20,17.0,16.68,17.03,16.65,1729180.0
2015-07-21,16.58,16.38,16.72,16.3,1562680.0
2015-07-22,16.33,16.16,16.38,16.15,1203530.0
2015-07-23,16.24,16.43,16.51,16.18,1145260.0
2015-07-24,16.43,16.14,16.49,16.13,1236090.0
2015-07-27,16.0,14.91,16.1,14.84,2250920.0
2015-07-28,14.68,15.24,15.4,14.62,2460950.0
2015-07-29,15.22,15.29,15.3,15.12,1358590.0
2015-07-30,15.29,14.9,15.36,14.88,1189220.0
2015-07-31,14.97,15.07,15.16,14.65,2349410.0
2015-08-03,14.99,15.55,15.6,14.86,2123670.0
2015-08-04,15.48,15.62,15.67,15.38,851544.0
2015-08-05,15.6,15.31,15.64,15.27,581859.0
2015-08-06,15.16,15.38,15.57,15.14,653780.0
2015-08-07,15.58,15.47,15.64,15.39,653023.0
2015-08-10,15.45,15.78,15.86,15.35,1169380.0
2015-08-11,15.7,15.57,15.75,15.51,1051040.0
2015-08-12,15.4,15.39,15.6,15.38,791844.0
2015-08-13,15.47,15.45,15.56,15.29,740342.0
2015-08-14,15.47,15.49,15.54,15.37,663560.0
2015-08-17,15.41,15.32,15.41,15.22,1208920.0
2015-08-18,15.35,14.87,15.52,14.83,1984450.0
2015-08-19,14.87,15.0,15.17,14.5,1990620.0
2015-08-20,14.94,14.68,14.99,14.66,881248.0
2015-08-21,14.61,14.22,14.74,14.2,1237930.0
2015-08-24,13.93,12.87,13.95,12.8,3348590.0
2015-08-25,12.54,12.39,13.08,11.91,2894710.0
2015-08-26,12.65,13.02,13.35,12.4,2352150.0
2015-08-27,13.16,13.98,14.09,12.98,2120090.0
2015-08-28,14.1,14.24,14.32,13.85,2089510.0
2015-08-31,14.2,14.96,14.98,13.96,2026280.0
2015-09-01,14.66,15.33,15.34,14.41,3049050.0
2015-09-02,14.9,14.89,15.37,14.72,2550450.0
2015-09-07,14.73,14.5,15.01,14.16,2879490.0
2015-09-08,14.52,15.06,15.16,14.22,3308140.0
2015-09-09,14.91,15.16,15.27,14.91,2419180.0
2015-09-10,15.06,15.25,15.27,14.96,2057490.0
2015-09-11,15.35,15.56,15.66,15.3,2887090.0
2015-09-14,15.5,15.93,15.95,14.93,1839370.0
2015-09-15,15.53,15.46,15.55,15.24,1076020.0
2015-09-16,15.31,15.43,15.8,15.03,741290.0
2015-09-17,15.34,15.11,15.46,15.1,508487.0
2015-09-18,15.16,15.03,15.29,15.02,408992.0
2015-09-21,14.96,14.97,15.08,14.84,404883.0
2015-09-22,14.97,15.05,15.23,14.97,386738.0
2015-09-23,14.91,14.95,15.0,14.68,545806.0
2015-09-24,14.95,15.27,15.3,14.87,788626.0
2015-09-25,15.15,15.59,15.62,15.15,1360710.0
2015-09-28,15.55,15.92,15.96,15.42,914258.0
2015-09-29,15.79,15.97,15.99,15.67,1141900.0
2015-09-30,15.95,16.63,16.65,15.9,2110380.0
2015-10-08,16.8,15.87,16.8,15.83,1400570.0
2015-10-09,15.97,15.9,16.15,15.85,415258.0
2015-10-12,15.9,16.06,16.25,15.73,936333.0
2015-10-13,15.98,15.97,16.11,15.85,546988.0
2015-10-14,15.81,15.9,16.09,15.81,442978.0
2015-10-26,16.03,16.28,16.57,16.03,1010410.0
2015-10-27,16.23,16.32,16.45,16.15,749340.0
2015-10-28,16.26,16.31,16.54,16.09,742263.0
2015-10-29,16.3,16.59,16.63,16.23,757606.0
2015-10-30,16.5,16.39,16.68,16.38,454654.0
2015-11-02,16.3,16.41,16.52,16.22,381228.0
2015-11-03,16.4,16.46,16.77,16.37,604851.0
2015-11-04,16.43,16.84,16.92,16.43,650540.0
2015-11-05,16.85,17.71,18.07,16.75,2318000.0
2015-11-06,17.52,17.88,18.18,17.51,1275940.0
2015-11-09,17.92,18.15,19.19,17.88,1578200.0
2015-11-10,18.0,18.37,18.69,17.82,1404270.0
2015-11-11,18.41,17.73,18.49,17.5,921302.0
2015-11-12,17.8,17.36,17.83,17.15,777902.0
2015-11-13,17.2,17.58,17.6,17.15,734332.0
2015-11-16,17.34,17.42,17.58,17.2,451447.0
2015-11-17,17.46,17.44,17.81,17.42,635393.0
2015-11-18,17.47,17.39,17.68,17.24,575846.0
2015-11-19,17.3,17.9,17.99,17.3,1025430.0
2015-11-20,17.81,18.47,18.63,17.78,1482060.0
2015-11-23,18.51,19.06,19.13,18.44,1712040.0
2015-11-24,18.9,19.05,19.12,18.59,1293890.0
2015-11-25,18.9,19.67,19.68,18.44,3265250.0
2015-11-26,19.5,19.37,19.7,19.2,2149440.0
2015-11-27,19.16,18.53,19.42,18.4,1056090.0
2015-11-30,18.44,18.65,18.81,17.6,976338.0
2015-12-01,18.35,18.66,19.0,18.08,634306.0
2015-12-02,18.51,19.85,20.0,18.48,1536080.0
2015-12-03,19.7,19.25,19.77,19.22,1103460.0
2015-12-04,19.27,18.71,19.27,18.69,702758.0
2015-12-07,18.71,19.45,19.5,18.71,833468.0
2015-12-08,19.28,20.1,20.12,18.81,2398850.0
2015-12-09,19.58,19.23,19.58,19.11,920495.0
2015-12-10,19.34,19.27,19.88,19.11,570913.0
2015-12-11,19.01,18.6,19.22,18.43,870668.0
2015-12-14,18.31,18.45,18.63,18.03,707370.0
2015-12-15,18.44,18.31,18.82,18.17,516858.0
2015-12-16,18.36,18.18,18.45,18.11,387006.0
2015-12-17,18.26,18.49,18.61,18.2,533041.0
2015-12-18,18.49,18.81,19.8,18.43,922119.0
2015-12-21,18.79,19.14,19.4,18.54,824901.0
2015-12-22,19.01,18.9,19.29,18.77,531227.0
2015-12-23,18.91,18.88,19.13,18.61,661282.0
2015-12-24,18.85,19.04,19.14,18.67,571716.0
2015-12-25,19.02,19.32,19.48,18.93,554279.0
2015-12-28,19.37,18.7,19.43,18.62,499807.0
2015-12-29,18.63,18.74,18.92,18.39,472885.0
2015-12-30,18.71,18.57,18.78,18.31,356874.0
2015-12-31,18.52,18.27,18.52,18.26,279361.0
2016-01-04,18.28,17.8,18.28,17.55,422406.0
2016-01-05,17.51,17.96,18.06,17.4,580548.0
2016-01-06,17.9,18.1,18.14,17.69,467727.0
2016-01-07,17.8,17.51,17.9,17.4,113505.0
2016-01-08,17.74,17.49,17.88,16.91,719183.0
2016-01-11,17.21,17.05,17.45,16.96,901771.0
2016-01-12,17.17,17.45,17.52,17.08,553745.0
2016-01-13,17.57,17.39,17.9,17.35,478693.0
2016-01-14,17.0,17.92,17.99,16.89,548388.0
2016-01-15,17.8,17.58,18.15,17.52,467231.0
2016-01-18,17.43,17.68,17.99,17.32,327290.0
2016-01-19,17.78,17.77,17.88,17.5,298072.0
2016-01-20,17.61,17.25,17.7,17.08,359686.0
2016-01-21,17.22,16.58,17.46,16.5,341971.0
2016-01-22,16.84,17.02,17.11,16.49,420073.0
2016-01-25,17.0,17.03,17.17,16.72,235590.0
2016-01-26,16.96,16.66,17.14,16.4,382798.0
2016-01-27,16.75,16.68,16.98,16.51,442913.0
2016-01-28,16.76,16.58,16.82,15.88,389022.0
2016-01-29,16.52,16.9,17.05,16.41,474290.0
2016-02-01,16.99,16.5,17.0,16.41,291396.0
2016-02-02,16.5,16.76,16.94,16.46,253810.0
2016-02-03,16.6,16.61,16.66,16.45,277792.0
2016-02-04,16.84,17.3,17.32,16.63,471629.0
2016-02-05,17.24,18.38,18.39,17.15,784135.0
2016-02-15,17.98,18.45,18.48,17.8,672963.0
2016-03-11,17.51,16.97,17.53,16.61,982403.0
2016-03-14,16.88,16.86,17.47,16.82,569222.0
2016-03-15,16.95,17.02,17.19,16.81,375409.0
2016-03-16,16.92,18.03,18.07,16.91,1084040.0
2016-03-17,17.81,17.7,18.19,17.45,686358.0
2016-03-18,17.79,17.84,18.0,17.65,559880.0
2016-03-21,17.78,18.06,18.25,17.78,420015.0
2016-03-22,18.09,18.15,18.63,18.02,437608.0
2016-03-23,18.16,18.13,18.35,18.06,278308.0
2016-03-24,18.11,17.72,18.11,17.68,274483.0
2016-03-25,17.72,17.74,17.87,17.68,136192.0
2016-03-28,17.78,17.45,18.0,17.37,245217.0
2016-03-29,17.53,17.45,17.66,17.37,191512.0
2016-03-30,17.65,17.87,17.95,17.65,355621.0
2016-03-31,17.98,17.93,18.08,17.72,237621.0
2016-04-01,17.98,18.18,18.25,17.61,357905.0
2016-04-05,17.94,18.17,18.29,17.76,426223.0
2016-04-06,18.03,17.96,18.14,17.87,234287.0
2016-04-07,17.95,17.69,18.0,17.63,290477.0
2016-04-08,17.56,17.6,17.76,17.53,171322.0
2016-04-11,17.6,17.67,17.82,17.55,241176.0
2016-04-12,17.69,17.62,17.7,17.53,141008.0
2016-04-13,17.73,17.74,17.99,17.69,351897.0
2016-04-14,17.9,17.8,18.01,17.75,157962.0
2016-04-15,17.95,17.89,18.06,17.8,347735.0
2016-04-18,17.75,17.81,18.03,17.66,280841.0
2016-04-19,17.95,17.9,17.98,17.78,272464.0
2016-04-20,17.89,17.96,17.99,17.31,466146.0
2016-04-21,17.82,18.12,18.35,17.75,482129.0
2016-04-22,18.0,18.24,18.36,17.94,281782.0
2016-04-25,18.15,17.88,18.16,17.82,242944.0
2016-04-26,17.87,17.92,18.08,17.75,157394.0
2016-04-27,17.97,17.86,17.97,17.8,138389.0
2016-04-28,17.93,17.9,18.1,17.83,157284.0
2016-04-29,17.83,17.83,17.94,17.75,230659.0
2016-05-03,17.95,18.12,18.24,17.83,277767.0
2016-05-04,18.06,18.08,18.23,18.02,231190.0
2016-05-05,18.06,18.06,18.12,17.98,149366.0
2016-05-06,18.07,17.73,18.1,17.71,234068.0
2016-05-09,17.71,17.51,17.8,17.4,219476.0
2016-05-10,17.38,17.48,17.56,17.38,168466.0
2016-05-11,17.55,17.45,17.57,17.4,119412.0
2016-05-12,17.43,17.41,17.5,17.2,146690.0
2016-05-13,17.37,17.24,17.46,17.22,110138.0
2016-05-16,17.23,17.29,17.35,17.21,110456.0
2016-05-17,17.29,17.25,17.34,17.16,97652.0
2016-05-18,17.25,17.56,17.62,17.02,309625.0
2016-05-19,17.44,17.35,17.49,17.33,103808.0
2016-05-20,17.31,17.45,17.5,17.27,111406.0
2016-05-23,17.5,17.55,17.68,17.44,140807.0
2016-05-24,17.48,17.55,17.6,17.43,107259.0
2016-05-25,17.68,17.67,17.73,17.6,137662.0
2016-05-26,17.65,17.7,17.86,17.65,110651.0
2016-05-27,17.69,17.74,17.77,17.63,116212.0
2016-05-30,17.84,17.95,17.97,17.68,175382.0
2016-05-31,17.93,18.29,18.4,17.92,356315.0
2016-06-01,18.3,18.19,18.35,18.13,183124.0
2016-06-02,18.2,18.02,18.3,17.93,177865.0
2016-06-03,18.12,18.01,18.13,17.9,180035.0
2016-06-06,18.05,18.02,18.11,17.97,178562.0
2016-06-07,18.1,18.02,18.13,17.97,165340.0
2016-06-08,18.01,17.99,18.07,17.97,237583.0
2016-06-13,17.86,17.78,17.94,17.77,300516.0
2016-06-14,17.77,17.79,17.83,17.7,187734.0
2016-06-15,17.61,17.74,17.76,17.55,263322.0
2016-06-16,17.67,17.8,17.93,17.6,308711.0
2016-06-17,17.75,17.77,17.99,17.74,174122.0
2016-06-20,17.93,17.85,17.93,17.75,96815.0
2016-06-21,17.88,17.78,17.95,17.75,158529.0
2016-06-22,17.8,17.89,17.9,17.78,142275.0
2016-06-23,15.9,15.72,15.9,15.71,128823.0
2016-06-24,15.7,15.28,15.79,15.08,305755.0
2016-06-27,15.29,15.31,15.39,15.18,191635.0
2016-06-28,15.27,15.28,15.3,15.18,125598.0
2016-06-29,15.29,15.5,15.54,15.28,212534.0
2016-06-30,15.5,15.57,15.66,15.44,207359.0
2016-07-01,15.57,15.92,15.96,15.54,251065.0
2016-07-04,15.86,15.93,16.03,15.8,214117.0
2016-07-05,15.94,15.79,15.95,15.75,161716.0
2016-07-06,15.71,15.64,15.76,15.61,229765.0
2016-07-07,15.63,15.57,15.64,15.45,244980.0
2016-07-08,15.55,15.45,15.56,15.44,149013.0
2016-07-11,15.56,15.43,15.57,15.4,228525.0
2016-07-12,15.48,15.64,15.65,15.45,255451.0
2016-07-13,15.65,15.79,15.97,15.64,362381.0
2016-07-14,15.77,15.7,15.84,15.64,168834.0
2016-07-15,15.71,15.71,15.75,15.65,159981.0
2016-07-18,15.73,15.77,15.91,15.66,277670.0
2016-07-19,15.77,15.73,15.8,15.65,171798.0
2016-07-20,15.7,15.75,15.76,15.63,148665.0
2016-07-21,15.74,15.83,15.87,15.7,220204.0
2016-07-22,15.81,15.63,15.82,15.58,167117.0
2016-07-25,15.63,15.69,15.76,15.63,114420.0
2016-07-26,15.69,15.74,15.79,15.65,204624.0
2016-07-27,15.73,15.87,15.88,15.45,406973.0
2016-07-28,15.77,15.68,15.79,15.65,174514.0
2016-07-29,15.65,15.7,15.71,15.61,143483.0
2016-08-01,15.68,15.8,15.85,15.65,229099.0
2016-08-02,15.79,15.75,15.85,15.68,108778.0
2016-08-03,15.64,15.67,15.72,15.62,105840.0
2016-08-04,15.69,15.59,15.69,15.49,156105.0
2016-08-05,15.6,15.73,15.8,15.59,176485.0
2016-08-08,15.76,15.74,15.76,15.66,131294.0
2016-08-09,15.75,15.79,15.8,15.71,154809.0
2016-08-10,15.8,15.83,15.85,15.73,184995.0
2016-08-11,15.75,16.07,16.4,15.74,526894.0
2016-08-12,16.12,16.36,16.39,16.0,469916.0
2016-08-15,16.5,16.94,17.02,16.45,773339.0
2016-08-16,16.94,16.7,16.99,16.67,493840.0
2016-08-17,16.72,16.64,16.85,16.52,364466.0
2016-08-18,16.55,16.44,16.77,16.35,371101.0
2016-08-19,16.43,16.42,16.5,16.36,199273.0
2016-08-22,16.42,16.41,16.47,16.31,197686.0
2016-08-23,16.41,16.4,16.56,16.32,317544.0
2016-08-24,16.41,16.39,16.51,16.34,170854.0
2016-08-25,16.36,16.34,16.41,16.2,247499.0
2016-08-26,16.36,16.34,16.4,16.29,146881.0
2016-08-29,16.31,16.23,16.37,16.08,302020.0
